video_id,video_name,channel_name,comment_id,comment,username,class
tfAo4dNFWg8,SIDEMEN AMONG US BUT THE IMPOSTER IS SUPER SIZED,MoreSidemen,UgwRa4dUVjXBejLB-z14AaABAg,Those two winning that second game is one of the most impressive thing I‚Äôve ever seen,Cameron Bierman,ham
UJPP4368So4,Police Can't Stop Self-Driving Car,Daily Dose Of Internet,UgzqlyzVfJzIyui7cXh4AaABAg,"I appreciate the full video of cuteness! The chicken brought back memories. My giant rooster used to full on fall asleep in warm baths and we'd have to hold his head up out of the water. He'd wake up if we said his name or his face went underwater (which we never let happen), but otherwise he loved his warm soaks till the day I lost him",Tori Quill,ham
-SYwOAe6V_4,ASMR for Those Who Want to Sleep Soundly Now / 3Hr (No Talking),Coromo Sara. ASMR,UgwZzdx4P70OQcUGjtl4AaABAg,I never knew you got this tingly feeling when listening to ASMR,Skibbles789,ham
aaxWvZnZEFc,Bohemian Rhapsody - Queen (Piano cover by Emily Linge),Emily Linge,UgzpcQciurv0K8ZDfbJ4AaABAg.9oQ-FNWGYhW9oYlod9y0FU,"[MAIN] Beautiful hair work! Beautiful dress! Beautiful piano play! Beautiful voice! Well, in nutshell you can say....Perfect beauty in all aspects. [REPLY] Thank you so much üòÄ",Emily Linge,ham
Kdax_IQXZtE,Deputy PM Dominic Raab resigns over bullying report,Channel 4 News,UgwCJ0D3HhEW4KjBLBR4AaABAg.9omc9K2usMq9onrTP8uAin,[MAIN] Bullies never want to admit they are bullies. His language is very clear...no remorse. In fact he feels he is the victim. [REPLY] @Collette Post what specifically did you find offensive in the report? as far as i can tell he basically just chastised people who did a bad job.,Dan H,ham
BQO0AMveaFk,"Threshold for bullying in danger of being too low, says Dominic Raab",Guardian News,Ugz1pe1kBPATLG-AXD14AaABAg,"The pulsating rage vein on his head has spoken, ""we did no wrong, we are the victims, we will regroup and come back when Boris returns """,A M,ham
2FGR-OspxsU,10-Minute Meditation For Healing,Goodful,UgxX9-rSv-Tkzqc9mrV4AaABAg.9XLyWnmK0Nc9iDU7v9Dzaa,"[MAIN] If you are reading this, you are stronger than you thought. Whatever you are trying to heal is healing. Sending love to you from the bottom of my heart.üíõüíõüíõ [REPLY] Miss or sir I'm a kind 13 year old with a broken finger and it hurts what do I do",Edwielle Constance,neutral
ShNcXwPwAns,Behind the Stream: Inside the Life of xQc,xQc,Ugx3FBXDc0tuISHqhcB4AaABAg.9oXbOUF4c1L9oYcziJjJhS,"[MAIN] I like how the cameraman felt like a genuine friend within the group rather than just someone being hired to do the job. [REPLY] @xScopeLess wait, what are you saying?",Kyle Mac,neutral
1ZYbU82GVz4,"Relaxing Sleep Music ‚Ä¢ Deep Sleeping Music, Relaxing Music, Stress Relief, Meditation Music (Flying)",Soothing Relaxation,UgxVQYry8mWU9gma1VZ4AaABAg.9lVgnI2Cas49oRVfoBZ9cf,"[MAIN] Good night everyone! üò¥ This music is called ""Flying"" by Peder B. Helland.
12-hour version: https://www.youtube.com/watch?v=lh4JdZTJe7k
We also have a 10-hour version with a black screen: https://www.youtube.com/watch?v=ZMLBHgDe8AU
The original single by Peder B. Helland (30 minutes): https://www.youtube.com/watch?v=mBsaY0OcYpY
I hope you enjoy the music and thank you for listening to Soothing Relaxation! üòä [REPLY] wow",E7,neutral
QfRMUWtIFFo,The CALL OF DUTY KILLER keeps getting better with each passing day,FaZe Jev,UgwYuTgSFDm3fiW5sNB4AaABAg,"i cannot stop watching these vids, they make me think of mw3 but in ubi style, can‚Äôt wait to get my hands on it",Hazardbyte,ham
saGPmoEuivc,MY FIRST BOXING FIGHT... I BROKE HER NOSE!?,BotezLive,UgwAFY790UGA7k8HNyN4AaABAg,You took a million punches to the face and didn‚Äôt even flinch. HUGE RESPECT.,Jedidiah Huang,ham
saGPmoEuivc,MY FIRST BOXING FIGHT... I BROKE HER NOSE!?,BotezLive,UgyAAuecQGo8VP3W1VN4AaABAg,"This was amazing! I think it would be awesome to make it a trilogy, but that doesn't have to be anytime soon, if ever. You worked your tail off and you definitely did your thing!",Dash Theory TV,ham
BQO0AMveaFk,"Threshold for bullying in danger of being too low, says Dominic Raab",Guardian News,UgxyUl370hkEvfHDUqp4AaABAg.9oml4y_e-fZ9ooIYalfr6j,"[MAIN] Look I was nicked for shoplifting, the threshold for petty theft is set too low.  I don‚Äôt believe I stole anything. [REPLY] ‚Äã@elyrexo na it's pretty binary, there no room for your toxic attitude anymore dinosaur.",fun off,ham
bKDkiafC7-U,We Played Roblox Battlefield,SMii7Yplus,UgwMSRYNy8CN3ua1kih4AaABAg,this is the most ive laughed in a long time. the chaos is the epidemy of comedy,GlobeMaster Onion,ham
QfRMUWtIFFo,The CALL OF DUTY KILLER keeps getting better with each passing day,FaZe Jev,UgxfLByqYaom8UO4Wut4AaABAg.9ok1cxGHgQJ9omP9nvPLao,"[MAIN] I‚Äôm just so happy that the ex cod developers actually takes their time to listen to the community. Every update I‚Äôve seen looks like it makes the game better in a beta. That‚Äôs insane.
Still shocked the Ubisoft name is on it. Just as long as the wrong people don‚Äôt touch this game then it will be a great launch [REPLY] @LifeIsSh√∏rt legion is mainly what I'm referring to. Imo it's the worst game Ubisoft has made in a long time, possibly ever. Poor writing, poor gameplay, just not great all around. But I was never into Watch Dogs to begin with so idk how useful my opinion is on this.",Zack,ham
1WEAJ-DFkHE,"$1 vs $500,000 Plane Ticket!",MrBeast,UgyIjULuL1IxH0F6mm14AaABAg,"Para los que tenian duda con los precios de los boletos (percios aproximados):

$1 USD - $20 MXM
$1,000 USD - $20,000 MXM
$10,000 USD - $200,000 MXM
$100,000 USD - $2,000,000 MXM
$300,000 USD - $6,000,000 MXM
$500,000 USD - $10,000,000 MXM

Sin duda estos muchachos la rompen con todo!!! Saludos desde M√©xicoüòä",5.12k subs challenge with 0 Video,spam
F7dfwKMa_gs,Inside Central Cee‚Äôs Louis Vuitton Bag | In The Bag,British Vogue,Ugz1Dq6KTlv3UNv_uKp4AaABAg.9nbgio59JNO9nttUJdPofz,[MAIN] Him geeking over Madeline has to be the cutest thing ever [REPLY] ‚Äã@K B no he doesn't he just holds it like that so it doesn't run. And it doesn't hurt anyway... Especially the dogs with extra skin like these.,K,neutral
ShNcXwPwAns,Behind the Stream: Inside the Life of xQc,xQc,Ugy9IamjM-_wJvmpJw54AaABAg.9oXXzr2Wxn69obfP_oAjCl,"[MAIN] The vibes these videos give are so good, it also gives a good insight into the actual life of xqc [REPLY] @yungcorvax LMAO what are you so pressed for? I didn‚Äôt say anything wrong. Hope he notices you bro ‚ù§Ô∏è",Robynne,neutral
C_78DM8fG6E,The Inside Story of ChatGPT‚Äôs Astonishing Potential | Greg Brockman | TED,TED,UgxQfbaAw-AGE98_ii14AaABAg,"Bottom line: Greg doesn‚Äôt know what happens next, because nobody does. The danger is in the unwillingness to consider that his idea is the only correct way forward. 

Super dangerous.",jSa codes,ham
Kdax_IQXZtE,Deputy PM Dominic Raab resigns over bullying report,Channel 4 News,UgwNHAPj_OwEfMyXAJJ4AaABAg.9omLlh90_w19omZM4sOiSH,"[MAIN] The sense of privilege oozes out of every pore of JRM. Can't see that Raab is any different. 
I'll never forgive Raab's indolence over the withdrawal from Afghanistan. [REPLY] @SubvurzIV. I watched it recently, it made my blood run cold.",John Moore,ham
ShNcXwPwAns,Behind the Stream: Inside the Life of xQc,xQc,Ugy9IamjM-_wJvmpJw54AaABAg.9oXXzr2Wxn69obKeVKv0aV,"[MAIN] The vibes these videos give are so good, it also gives a good insight into the actual life of xqc [REPLY] nice pfp",daniel23,neutral
STrWTV60Pho,Niall Horan - Ceilings (Lizzy McAlpine cover) in the Live Lounge,BBCRadio1VEVO,Ugy3gM_WyDjBIq6aaRt4AaABAg.9ogrYIjr9bu9omoQA7sd1v,"[MAIN] PETITION TO HAVE THIS MASTERPIECE ON SPOTIFY 
üëá [REPLY] 100% agree",Lovelyyluciddreams,ham
n_uFzLPYDd8,[–ü–ª–µ–π–ª–∏—Å—Ç] –£—Å–ø–æ–∫–∞–∏–≤–∞—é—â–∏–π 24-—á–∞—Å–æ–≤–æ–π –ø–ª–µ–π–ª–∏—Å—Ç –¥–∂–∞–∑–æ–≤–æ–π –º—É–∑—ã–∫–∏ –∏ –∑–≤—É–∫–∏ –¥–æ–∂–¥—è –¥–ª—è —Ä–∞–±–æ—Ç—ã ‚òïüéß,In The Rain,UgzmuSUShcOICREPZ0d4AaABAg.9mRRF-gySkr9mTyBwhx7dc,"[MAIN] I do enjoy itüòâ And today, a rainy   üåßday in London, this music keeps you in your warm home... [REPLY] Jesus is the love of your life.
The kingdom of heaven is like unto a certain king, which made a marriage for his son,
And sent forth his servants to call them that were bidden to the wedding: and they would not come. ‚úùüåÖ
Again, he sent forth other servants, saying, Tell them which are bidden, Behold, I have prepared my dinner: my oxen and my fatlings are killed, and all things are ready: come unto the marriage. ‚úùüåÖ
But they made light of it, and went their ways, one to his farm, another to his merchandise:
Matthew 22:2-5 ‚úùüåÖ",Antwerp Locomotive,spam
eZy5HlgPxJw,Pro Arm Wrestler challenges people in public,Magnus Midtb√∏,UgwYPqxzNrDzNkNES4d4AaABAg,"I think it‚Äôs cool, to go against strangers, because you never know who is out there, that one guy that won was massive, but you guys show class, and I am now a fan!",Jacoman S,ham
bgtQh-O4DHQ,ASMR MUKBANG KFC FRIED CHICKEN & CHICKEN SANDWICHES & POPCORN CHICKEN & MAC N CHEESE (No Talking),Zach Choi ASMR,UgxFwG1w_YSLxcrcNjd4AaABAg,does anybody else watch Mukbangs just when they're hungry,DuchessF,ham
1WEAJ-DFkHE,"$1 vs $500,000 Plane Ticket!",MrBeast,UgwgneP8EOSlyIGNPvJ4AaABAg.9nzVaM7KPHV9nzaOJgo8eA,[MAIN] Feastables is available in every Walmart and Albertsons stores in America! (Coming globally later this year) Wuv u guys [REPLY] Hello mrbeast,XxLa_MuertexX,neutral
SsT8tGu-soQ,They're Trying To Steal My Car,Mogul Mail,UgwpEVDFJYq92_nWJ-h4AaABAg.9onF-J2ysnk9ooENCUN3t1,"[MAIN] I'm the curator of an auto museum in upstate New York and I just wanted to thank you for spreading the gospel of kei cars/trucks, Donut Media, the 25 year rule, and doing your part to make weird old cars cool. Keep up the good work and I can hopefully cut my marketing budget aimed to ensure the next generation likes funky cars. Really, thank you. [REPLY] *Here is the full clip explaining why dad left you: (Making fun of bots)*
https://youtu.be/TlBi_ZwmSWA",John Wick üÖ•,spam
-U6GRqPHB2s,The Titanfall 2 Achievements were REALLY CRAZY,cronkle,Ugycc0uG_txrkYIK84d4AaABAg,"Hearing Ion being called the ""sniper"" loadout feels kinda funny. 
Anyway, a few pointers to the gauntlet:
    1. Starting the run from a wallride before the start gives some extra speed. 
    2. The reasoin arc grenades don't hit seem to be no LoS. The small platforms sometimes apparently block the grenades LoS so it doesn't hit. 

Also I believe the first Pilot helmet is bit sooner, on the drop pod with the prowlers. I might be wrong tho, it's been a few months for me",Rans0mware,ham
2mgUPt2KI08,The Life of Jesus | English | Official Full HD Movie,Jesus.net,UgxInwJ78etYYvynZi94AaABAg,"Jesus is the gift of life, please do not abandon him, for he will always be with you.",Angelica Low,ham
LyVlvu8BoNU,The Worst Product We‚Äôve Tried in YEARS!,Linus Tech Tips,Ugz46Cogp1dfOB-OD754AaABAg.9ojuGPZ_ixO9on2JAxoEtN,"[MAIN] Thanks Guard.io for sponsoring this video.¬†Protect yourself from those pesky scammers! Save 20% on a monthly subscription plus a 7-day trial of Guard.io at https://guard.io/LinusTechTips [REPLY] Ok Pinus, why did you delete my comments!?",WTF To Late!,neutral
Pnva-dZm75g,The Depressing World Of Rapper's Fake Lifestyles,NOC NOC,Ugweucg3cImj1872vDF4AaABAg,These guys promote an image that's damaging to their own. Sad for those who take the bait. Glad you're raising this issue.,ssssssssss,ham
TEXEDyOn-4o,The Easiest Chili Garlic Noodles Ever (3 Ways),Joshua Weissman,UgyQBeu3VdIMVS4vrHV4AaABAg,If josh ever has kids they‚Äôre gonna be lucky with breakfast lunch and supper:(,SkyeTheAimbotter,ham
2mgUPt2KI08,The Life of Jesus | English | Official Full HD Movie,Jesus.net,UgwQWAfV3uBAYQqPwgl4AaABAg,Very well written from what I can tell! üòÄ,Jarvaun Lindsay,neutral
3hhPBAConqo,Watching Andrew Tate Until he Insults me,One Giant Onion,UgzU8Dc6f0x8fCb4fil4AaABAg.9nyYHJPZt0a9oj5Pz-_NnV,"[MAIN] Longest he‚Äôs lasted [REPLY] @Connor I can't believe there are still people like you who can't take a joke. You're just another snowflake who can't handle the truth. Your comment is nothing but fake news. How dare you accuse me of staging something when I'm clearly speaking the truth. It's people like you who are ruining this country with your politically correct nonsense. If you can't handle the heat, then get out of the kitchen. Your ignorance is showing, and it's not a good look for you. Keep your opinions to yourself if you can't handle the truth.",Arsi Arskila,neutral
ShNcXwPwAns,Behind the Stream: Inside the Life of xQc,xQc,Ugx3FBXDc0tuISHqhcB4AaABAg.9oXbOUF4c1L9oYHkqH6i7E,[MAIN] I like how the cameraman felt like a genuine friend within the group rather than just someone being hired to do the job. [REPLY] Reminded me of Chris Long tbh,Hermann,neutral
LjIaeJH57-Q,Ukraine War: NATO allies 'agree Ukraine will become member',Sky News,UgxxWG9GbfKVk51wc6V4AaABAg.9om-3JvZOhX9oocKSIQ-lF,"[MAIN] It was a Russian glide bomb (looks like a FAB-500) . The  wings failed to open , time fuse was used for either a bunker  or some sort of fortified target. The FAB upgrade did not go too well . [REPLY] Have patience. Getting it right takes practice. Ukraine is good for it.",AV Mariamma,ham
TEXEDyOn-4o,The Easiest Chili Garlic Noodles Ever (3 Ways),Joshua Weissman,Ugz3GntDCsi2A7wcFsx4AaABAg,"it's a chinese dish. usually called ""thick potato noodle"", sometimes made with sauce in your video, sometimes also mixed with sesame sauce which is also great!",Pei Siqiong,ham
aW7bzd8uwyQ,Jack Black - Peaches (Directed by Cole Bennett)  The Super Mario Bros. Movie,Lyrical Lemonade,Ugya5jnp7ajPk2yfpVN4AaABAg,WATCH THE BEHIND THE SCENES OF ‚ÄúPEACHES‚Äù HERE: https://youtu.be/s9vCadTowVs üçë,Lyrical Lemonade,ham
GqcR8t9DyEc,Best tiktok songs 2023 üç¶ Trending tiktok 2023 ~ Tiktok viral songs,Love Life Lyrics,UgwlqGHumYgC5zAuGTp4AaABAg,I love this song too and I love it when you have some time to think about it too many ways to make it look like a good movie and you have a good girl,Nyaladzi Juta,ham
saGPmoEuivc,MY FIRST BOXING FIGHT... I BROKE HER NOSE!?,BotezLive,UgzcoygH7lGh0MayDk14AaABAg.9onKson8Ej29ooWhUTXfB4,"[MAIN] Truly grateful for the opportunity we had to motivate each other these past few months, and I am really proud of us. You were an absolute monster in the ring and I am SO HAPPY we never have to punch each other in the face ever again. Can‚Äôt wait to see your video about your full journey. üíú [REPLY] You should learn how to eat each other and make a video on it",William,ham
iCG_hMoURJA,Well...What A Week,JJ Olatunji,UgwXTF43AxRLBOEIlYl4AaABAg.9oSTZZVjHsl9ojuxQshgAh,[MAIN] We appreciate your kindness JJ. Hope to meet you one day [REPLY] STEVE HEEEEEEEEE,SlinkySled,neutral
6x7Sbiy5Pw0,How to SHOOT WITH POWER Regardless of your Technique,The Football Folk,UgyXs5CCVa31aqQaLGt4AaABAg,"If i may i'll add a couple of things. There are 2 aspects of the topic shooting with power, 1: technique, which this video revolves around, and secondly: physical ability like agility and raw power.
A few tips, the shot i tried to master through my playing days was the Roberto Carlos like all-in style from distance. As a big kid i grew my legs to a huge size(86cm thighs and 51 cm. calves) by doing a lot of accelerations on my mountainbike, i rode that thing everywhere, so those wide tires and always pushing myself to the limit on the bike helped develop quick fibered musclemass. I also had a thing with stairs, i never just did one step, i always did 2 og 3 steps at the time. 
I think an underated thing about shooting with power is agility and flexibility. If you practice thorough stretching after efforts, your muscles and ligaments will gain some length which in the kicking of the ball will add some free movement, which will increase power in the followthrough, also there is the lowering of risk of injuries.
When i praticed i kicked as hard as i could everytime, that i think also gained power over the years, but could i go back i'd take 5 percent of the top and focus a lot more on technique. 
I got the power up to where i have never seen anyone kick as hard as I could, but my technique was flawed at best. And i could kick so hard that I was afraid of hitting the wall, that was always my main concern! I know as a 17 year old, that i kicked 127km/t that was the last measument of it i know, but at 20 -21 it was much harder, maybe 140-150 km/t. The ball whistled in the air!
Anyway I could talk for hours about that, but this is getting long, so tha'ts it for me:)",SteveRiverwood,ham
Kdax_IQXZtE,Deputy PM Dominic Raab resigns over bullying report,Channel 4 News,UgxNKe0N_HYB369jdnF4AaABAg.9omIzRjmhzx9ooVABbPmCi,[MAIN] How many cabinet ministers have gone now? Knock them down but another one springs up like a Jack -in-the-box. We should be rid of the lot. [REPLY] @r8chelletters Someone needs to go and figure out how UK elections work.,G W,ham
w6JXZ3GzSCQ,The Billion Dollar Scam - BBC World Service,BBC World Service,UgyX3XHsFTl8nEkV3oR4AaABAg,"Excellent documentary and one brave, seriously good journalist. We need more like you. And people curb your greed and do your own research into everything. If someone's promising you the moon it's a scam.",Mike Browne,ham
n_uFzLPYDd8,[–ü–ª–µ–π–ª–∏—Å—Ç] –£—Å–ø–æ–∫–∞–∏–≤–∞—é—â–∏–π 24-—á–∞—Å–æ–≤–æ–π –ø–ª–µ–π–ª–∏—Å—Ç –¥–∂–∞–∑–æ–≤–æ–π –º—É–∑—ã–∫–∏ –∏ –∑–≤—É–∫–∏ –¥–æ–∂–¥—è –¥–ª—è —Ä–∞–±–æ—Ç—ã ‚òïüéß,In The Rain,UgzzI_7cVMEGLIl2ZiJ4AaABAg.9mH5wdb8Yfg9mTvj93iJAT,"[MAIN] –°–ø–∞—Å–∏–±–æ –±–æ–ª—å—à–æ–µ –∑–∞ –ø—Ä–µ–∫—Ä–∞—Å–Ω—É—é –º—É–∑—ã–∫—É! –ú—É–∑—ã–∫–∞ –∏–¥–µ–∞–ª—å–Ω–∞ –¥–ª—è —Ä–∞–±–æ—Ç—ã –∏ –ø—Ä–æ—Å—Ç–æ —Ä–∞—Å—Å–ª–∞–±–∏—Ç—å—Å—è ü§ó [REPLY] But they that wait upon the Lord
shall renew their strength;
they shall mount up with wings as eagles;
they shall run, and not be weary;
and they shall walk, and not faint.
Isaiah 40:31 ‚úùüåÖ",Miriad Lamentations,spam
ShNcXwPwAns,Behind the Stream: Inside the Life of xQc,xQc,Ugyot_jbJIApYyCshT54AaABAg,"I would love more videos of being inside xqc, this one was amazing",Grat3r,ham
wgITHaznzkE,"What Leaked Pentagon Docs Show About Ukraine War, U.S. Spying on Allies",Democracy Now!,UgxYV52UQtH6gyM3H7x4AaABAg.9oND1i7ciNe9oeKCuzPyDO,"[MAIN] Assange didn¬¥t endanger anyone in the field. Yet he¬¥s imprisoned indefinately without due process. [REPLY] ‚Äã@Ajay 
That seems to be the order",Sandra Sue Taylor,neutral
iCG_hMoURJA,Well...What A Week,JJ Olatunji,UgwXTF43AxRLBOEIlYl4AaABAg.9oSTZZVjHsl9omRXE6kfTW,[MAIN] We appreciate your kindness JJ. Hope to meet you one day [REPLY] EMOTIONAL DAMAGE,Athena,neutral
3hhPBAConqo,Watching Andrew Tate Until he Insults me,One Giant Onion,UgxVVqKcUPe6Vl6sWqV4AaABAg,His continued existence is an insult to all of us.,Alexander Tiberius,ham
BQO0AMveaFk,"Threshold for bullying in danger of being too low, says Dominic Raab",Guardian News,UgxFbrLYoTEiS8iWLPF4AaABAg.9ongXGiErdC9ooV-3YqalU,[MAIN] I love how nasty people twist words to get out of things. They give themself away immediately [REPLY] @Peter Atkinson Try reading their comment again.,TheMirksta,neutral
--lQFq7XYYA,the slap but with ragdoll physics,Hydroxyl,Ugz-5eCF8hxDrlYXy9h4AaABAg,the awkward laughter just as will smith was about to send him into the shadow realm is what makes the video better,Wil Pallarca,ham
n_uFzLPYDd8,[–ü–ª–µ–π–ª–∏—Å—Ç] –£—Å–ø–æ–∫–∞–∏–≤–∞—é—â–∏–π 24-—á–∞—Å–æ–≤–æ–π –ø–ª–µ–π–ª–∏—Å—Ç –¥–∂–∞–∑–æ–≤–æ–π –º—É–∑—ã–∫–∏ –∏ –∑–≤—É–∫–∏ –¥–æ–∂–¥—è –¥–ª—è —Ä–∞–±–æ—Ç—ã ‚òïüéß,In The Rain,Ugx6eT7a0Xszb_SPRoN4AaABAg,"Perfect to listen to when I am doing work, thank you!",azi doozi,ham
C_78DM8fG6E,The Inside Story of ChatGPT‚Äôs Astonishing Potential | Greg Brockman | TED,TED,UgwbCKFbTTkEgQwacI54AaABAg.9ojWUA9JB3C9oknjY6h7jd,[MAIN] How difficult to keep up with AI development is a strong indicator that life as we know it will never be the same! [REPLY] ‚Äã@Go tobann FPV totes irrels,Brandon Smith,neutral
EuPIOF0LG70,The Cookie Clicker Experience,Dragoon,Ugx_NVIj1JooF2dTahl4AaABAg.9oZpcD4NjFd9oa9AiKog15,[MAIN] I love when Dragoon spends an overly large amount of time on these kind of games [REPLY] @Jqden haha no,KN Zanin,ham
2mgUPt2KI08,The Life of Jesus | English | Official Full HD Movie,Jesus.net,UgwU2W3oPShI49IhblZ4AaABAg,"Jesus Christ healed me! This is my story about my healing!I was extremely ill! I had diabetes and kidney failure, which urgently requires dialysis! I prayed to God to heal me, not for me, because I don't deserve it, but for my little children, who were left without a mother! in exactly that day, in which I prayed, the Lord healed me! I suddenly felt the pain in my kidneys go away, as well as the dryness in my mouth (diabetes). I'm a new women now! I thank the Lord for His mercy and love for us!!!!",Valentina Mocanu,ham
LyVlvu8BoNU,The Worst Product We‚Äôve Tried in YEARS!,Linus Tech Tips,Ugw3ZxjLMp6izErv8MZ4AaABAg,"Alright, time for you guys to make one yourselves! I heard it many times in the video and now I wanna see it happen!",Trevor Brotzman,ham
saGPmoEuivc,MY FIRST BOXING FIGHT... I BROKE HER NOSE!?,BotezLive,UgzcoygH7lGh0MayDk14AaABAg,"Truly grateful for the opportunity we had to motivate each other these past few months, and I am really proud of us. You were an absolute monster in the ring and I am SO HAPPY we never have to punch each other in the face ever again. Can‚Äôt wait to see your video about your full journey. üíú",Michelle Khare,ham
-cgoSk_yg6k,How Do German Schools Teach About WWII?,Today I Found Out,UgwEM2J7nB0cx7WvlUF4AaABAg,"We don‚Äôt just talk about WWII in history class. We talk about it in german class, in geography class, in philosophy class and others as well. And we talk about it with out grand- and great grandparents. We don‚Äôt allow us to forget because democracy is incredibly fragile.",Merin som,ham
GDSf2h9_39I,Why Aliens Might Already Be On Their Way To Us,Kurzgesagt ‚Äì In a Nutshell,UgwC_N2HWCn8yNoNGEV4AaABAg,"A very good summary of options. Probably we need to evolve into Cyborgs (already doing it) to become interstellar, and obviously solve our internal economic, geopolitical and environmental challenges (.. utter mess)",Humberto Sequeira,ham
3hhPBAConqo,Watching Andrew Tate Until he Insults me,One Giant Onion,UgzU8Dc6f0x8fCb4fil4AaABAg.9nyYHJPZt0a9oi7jrh_doO,[MAIN] Longest he‚Äôs lasted [REPLY] @Connor THATS WILD,sparky 240fps,neutral
iCG_hMoURJA,Well...What A Week,JJ Olatunji,UgxDLbWbp6csKx1Lc7N4AaABAg,"It‚Äôs good to see that you‚Äôre back on track jj, I wish you luck with the recovery fam üôè",Hbtb123,ham
tfAo4dNFWg8,SIDEMEN AMONG US BUT THE IMPOSTER IS SUPER SIZED,MoreSidemen,UgzOqsM-qWsvtzXGaIt4AaABAg,Vik is becoming better at being the imposter by the day,Jessy-Come Fast To Get Into My Body,spam
saGPmoEuivc,MY FIRST BOXING FIGHT... I BROKE HER NOSE!?,BotezLive,UgzcoygH7lGh0MayDk14AaABAg.9onKson8Ej29ooK6mSsuNJ,"[MAIN] Truly grateful for the opportunity we had to motivate each other these past few months, and I am really proud of us. You were an absolute monster in the ring and I am SO HAPPY we never have to punch each other in the face ever again. Can‚Äôt wait to see your video about your full journey. üíú [REPLY] @miyamoto900 She didn‚Äôt had two month. Her camp was two month, and she said multiple times on stream that she continued to train after the chessboxing with dina just that she wasn‚Äôt as serious as when she knew she was in creator clash2. It‚Äôs kinda bad faith to say michelle did train for 1 year straight and she only two month when it‚Äôs not true. Yes she trained boxing since last year but it wasn‚Äôt full time training. It was like once a week course and she plays now that game that she only trained two month when it was 5 month too",Novice Lifts,ham
S0ICco0tMy8,Guga vs Nick DiGiovanni $1 Steak Battle!,Guga Foods,UgzB473duAxCKvO0YE14AaABAg,"I actually really love this format where the two of you are working next to each other along with friendly banter and talking about each other's dishes, its very entertaining so keep it up!",Draxeid,ham
wgITHaznzkE,"What Leaked Pentagon Docs Show About Ukraine War, U.S. Spying on Allies",Democracy Now!,UgxNe2F1DC8Yxm5egbx4AaABAg,They can't blame this on Assange!,Pulsar Stargrave,ham
-SYwOAe6V_4,ASMR for Those Who Want to Sleep Soundly Now / 3Hr (No Talking),Coromo Sara. ASMR,UgwyhbFZ11IblTjlh-d4AaABAg,I can‚Äôt be relaxed without seeing what‚Äôs making these relaxing sounds,IDyumm,ham
3hhPBAConqo,Watching Andrew Tate Until he Insults me,One Giant Onion,Ugx4WZw-RS-L-jH2Jkx4AaABAg.9nyWtj38MO49okuolPKD6V,[MAIN] IM LIVE EVERYDAY https://www.twitch.tv/onyinz [REPLY] I clicked on the video and it was already done,Dragonskulls_48,neutral
F7dfwKMa_gs,Inside Central Cee‚Äôs Louis Vuitton Bag | In The Bag,British Vogue,Ugz1Dq6KTlv3UNv_uKp4AaABAg.9nbgio59JNO9nsvtc9SJFb,[MAIN] Him geeking over Madeline has to be the cutest thing ever [REPLY] @AminaMadeline Mccann,Louis Magari,neutral
-cgoSk_yg6k,How Do German Schools Teach About WWII?,Today I Found Out,UgyGHKnTKnPVgd80wtR4AaABAg,This could be a whole series. How Do British Schools Teach Colonialism? Or the Westward expansion or slavery in the US? Stalinism in Russia? WWII in Japan? Etc. etc.,Sonic Goo,ham
6x7Sbiy5Pw0,How to SHOOT WITH POWER Regardless of your Technique,The Football Folk,UgwvYliSE2KwyZRi7YB4AaABAg.9mEB2ENKBgH9mFLBD93jLg,"[MAIN] Amazing work bro!!! Found this channel a few weeks ago, already climbing up the ranks in my academy team.

Keep up the work!! [REPLY] Hh",ITSytyt,spam
GDSf2h9_39I,Why Aliens Might Already Be On Their Way To Us,Kurzgesagt ‚Äì In a Nutshell,Ugx6Vc5-3vtCyISshWJ4AaABAg,I like the theory that we are late rather than early or just in a intermediary period where the universe roaming advanced civilizations have died out and it‚Äôs now a ‚Äúnew‚Äù beginning for like civilizations to arise,chris Ez,ham
vdxsZMAypts,This Is Disgusting,penguinz0,UgyXHOuFN_f-f5muUZp4AaABAg.9omrTlspINW9ooYaVPKSdY,"[MAIN] The poor old fella waiting for death to  finally take him so he decides to enjoy a delicious free of charge chalice of human nectar, and Charlie here feeling so disgusted and mentioning the faul classics when he shouldn't be surprised of how raunchy and  stenchy people can be.
He clearly doesn't know about the german nun + toothbrush vid [REPLY] It‚Äôs the AHHHHHHHHH it chri mah guy",That guy,neutral
--lQFq7XYYA,the slap but with ragdoll physics,Hydroxyl,UgzCXdn3PHQlAogkwNF4AaABAg,"Bro imagine Chris saying ""wow"" while still ragdolled, I would die of laughter",Amy McKenzie,ham
bKDkiafC7-U,We Played Roblox Battlefield,SMii7Yplus,Ugxg6_jQNhJG6EaqS7B4AaABAg,Battlebit is an amazing game. It's so well done,Firomus,ham
bgtQh-O4DHQ,ASMR MUKBANG KFC FRIED CHICKEN & CHICKEN SANDWICHES & POPCORN CHICKEN & MAC N CHEESE (No Talking),Zach Choi ASMR,UgzAxf8S9KLIAjElWMp4AaABAg,The thing that I really wanna know is. HOW THE HELL DOES HE GET EVERYTHING SO Perfect LIKE THERE IS NOT A SINGLE THING ON THE FOOD LIKE IT  IS SO PERFECT!,Lucia Gilakova,ham
1ZYbU82GVz4,"Relaxing Sleep Music ‚Ä¢ Deep Sleeping Music, Relaxing Music, Stress Relief, Meditation Music (Flying)",Soothing Relaxation,UgxUZcq9A6cMGH38TeN4AaABAg,Whoever is reading this I wish the best for you and I hope that whatever harm comes your way you get over it and keep on moving. No one is perfect just be you and people will respect thatüòÑ,Bucketsquadz,neutral
aaxWvZnZEFc,Bohemian Rhapsody - Queen (Piano cover by Emily Linge),Emily Linge,UgyEmVa0CS1l7WBfXc54AaABAg,Such talent in one so young. May you always bring a smile to all of your fans.,Brian Dutcher,ham
wgITHaznzkE,"What Leaked Pentagon Docs Show About Ukraine War, U.S. Spying on Allies",Democracy Now!,UgwDYWnO8Hq-qYF0KYF4AaABAg,I think Assange and Snowden are off the hook now,Icraft Crafts,ham
bgtQh-O4DHQ,ASMR MUKBANG KFC FRIED CHICKEN & CHICKEN SANDWICHES & POPCORN CHICKEN & MAC N CHEESE (No Talking),Zach Choi ASMR,UgwII_n2lgutuue_6IR4AaABAg.9M3wjxz-4LR9f5wiaDV1fj,[MAIN] Me watching this during Ramadan : üôÉ [REPLY] then don't watch it:),ryle wru,ham
2FGR-OspxsU,10-Minute Meditation For Healing,Goodful,UgxX9-rSv-Tkzqc9mrV4AaABAg.9XLyWnmK0Nc9iyfJL5L-jl,"[MAIN] If you are reading this, you are stronger than you thought. Whatever you are trying to heal is healing. Sending love to you from the bottom of my heart.üíõüíõüíõ [REPLY] Right back at you!",Therapy with Lara ,neutral
Kdax_IQXZtE,Deputy PM Dominic Raab resigns over bullying report,Channel 4 News,UgwNHAPj_OwEfMyXAJJ4AaABAg.9omLlh90_w19omrX3jX2X3,"[MAIN] The sense of privilege oozes out of every pore of JRM. Can't see that Raab is any different. 
I'll never forgive Raab's indolence over the withdrawal from Afghanistan. [REPLY] You can write your feedback about my video on telegramüëÜ.",Lets talk on TeIegra'm üëâChannel4news2,spam
bKDkiafC7-U,We Played Roblox Battlefield,SMii7Yplus,UgxWkT6DrlrgvJg04o54AaABAg,"Now, We need a lot of this game content for Smitty,

and I can tell this game is Massive Content moments",Eigriv Tupaz,ham
Pnva-dZm75g,The Depressing World Of Rapper's Fake Lifestyles,NOC NOC,UgwMy_C1YhEx77rZR-B4AaABAg,"As a photographer and filmmaker, I 100% concur with this documentary üòÇ Literally my day job to make them look like this.  I see behind the scenes where they have a hard time affording a $2,000 music video budget.  I watched them count the pennies on the table for a Happy Meal while flossing rent money on the set üòÜ",Aaron Jonell Hall,ham
aW7bzd8uwyQ,Jack Black - Peaches (Directed by Cole Bennett)  The Super Mario Bros. Movie,Lyrical Lemonade,UgyZexsyub0x0nMbppt4AaABAg,People love how Jack will always find an excuse to sing in every movie. The man makes wanna be a rockstar,50k challenge with 0 video,spam
GqcR8t9DyEc,Best tiktok songs 2023 üç¶ Trending tiktok 2023 ~ Tiktok viral songs,Love Life Lyrics,UgzNfQ2hCQkmLeHrVqF4AaABAg.9nrjPo0pf8Q9nstvtDCVjC,"[MAIN] To the person reading this, you are wonderful, you are beautiful inside and out, your energy makes me feel warm, thank you for existing and i hope you have the best day ever Ô∏èÔ∏è [REPLY] Thanks, u made me smile :)",EUsmongold,ham
Kdax_IQXZtE,Deputy PM Dominic Raab resigns over bullying report,Channel 4 News,Ugxzyp4X59ETuMAyQod4AaABAg.9omKTsq-EvJ9omr-kIDbip,[MAIN] Leave it to the biggest bullies to play the biggest victims. [REPLY] You can write your feedback about my video on telegramüëÜ,Lets talk on TeIegra'm üëâChannel4news2,spam
dN9b_jrSJ1A,"Student Accidentally Flashes Fake ID, Instantly Regrets It",Crime Scene Cam,UgyqBpJ5egopB0ju14V4AaABAg.9nvUc1PpCSm9om2oxbnuWA,"[MAIN] This video was originally uploaded yesterday, but was taken down by YouTube due to privacy concerns. Despite no identifying information being visible on either of the IDs due to the quality and angle of the camera, YouTube still thought it was violative of their privacy policies. This version of the video has been edited (parts blurred) to address those concerns.

Thanks for watching.

EDIT: The video was once again removed shortly after posting this comment a few days ago. After going back and forth with YouTube, the video is once again live. [REPLY] @Qerious my name is Jason I live in Long Island come get me slime ball",Senator Sheldon Cooper,neutral
TEXEDyOn-4o,The Easiest Chili Garlic Noodles Ever (3 Ways),Joshua Weissman,Ugzu8_3UiprIGiko5yZ4AaABAg,I might have to try some of these sauces! I make chili garlic noodles all the time. My usual sauce is toasted garlic + Chuanzhiwei chili oil + homemade pork bone stock + soy sauce + mirin. So these are gonna be something different for a change.,August | Frost,ham
Pnva-dZm75g,The Depressing World Of Rapper's Fake Lifestyles,NOC NOC,UgwGRp5PXaCfNy6BUYh4AaABAg.9lPK5wBvtNC9mbAuVlFI5E,[MAIN] IM BACK!!! This video took FOREVER to make so if your reading this I love and appreciate you for even watching. Feel free to let me know what you think about it here in the comments and if y'all want to hear from me outside of this youtube stuff... follow me on twitter @BoogieNN [REPLY] I'll tell you where 69 got his name from üåªmy old street address,Noise Pollution,neutral
1ZYbU82GVz4,"Relaxing Sleep Music ‚Ä¢ Deep Sleeping Music, Relaxing Music, Stress Relief, Meditation Music (Flying)",Soothing Relaxation,UgxVQYry8mWU9gma1VZ4AaABAg.9lVgnI2Cas49oaSRWWrrGw,"[MAIN] Good night everyone! üò¥ This music is called ""Flying"" by Peder B. Helland.
12-hour version: https://www.youtube.com/watch?v=lh4JdZTJe7k
We also have a 10-hour version with a black screen: https://www.youtube.com/watch?v=ZMLBHgDe8AU
The original single by Peder B. Helland (30 minutes): https://www.youtube.com/watch?v=mBsaY0OcYpY
I hope you enjoy the music and thank you for listening to Soothing Relaxation! üòä [REPLY] Nmm  min link ln;√∂n ln inic_.  √ñ^  ^ili^i^i) i) ^i)",Lawliet Raindra,neutral
-cgoSk_yg6k,How Do German Schools Teach About WWII?,Today I Found Out,UgyV9licSHVj-VWjgfF4AaABAg.9BZRApuO8TC9kGuvPeHDyd,"[MAIN] If you like this channel, you're pretty much guaranteed to like Curiosity Stream, which is super inexpensive at under $20 PER YEAR and a great way to support this channel. It's win/win. Check it out here: http://go.thoughtleaders.io/1864720200721 [REPLY] Snap",Chris L,neutral
EuPIOF0LG70,The Cookie Clicker Experience,Dragoon,Ugxto_P24wpmHT48ay14AaABAg.9obP3pOexTX9onfqXJkoAn,[MAIN] This was an emotional rollercoaster [REPLY] üëç,–ì–µ—Ä–≥–∞–Ω–∞ –ú–∏—Ö–∞–π–ª–æ–≤–∞,neutral
-SYwOAe6V_4,ASMR for Those Who Want to Sleep Soundly Now / 3Hr (No Talking),Coromo Sara. ASMR,UgyBNdPyQl6VFuk0k9B4AaABAg,The best part about ANY asmr is that it has LOTS of tingles,Mr  chill,ham
g1pb2aK2we4,How stretching actually changes your muscles - Malachy McHugh,TED-Ed,UgwNB6Y0gPUIRJAMYrx4AaABAg.9ntE4TlAEUP9o4tijrYIjr,"[MAIN] Nice to see that you guys are making videos about human physiology. It is really educating and informative. Appreciate your work. [REPLY] @Aidar yesss, that's why George Floyd martyred üôèüôè",Aly X22Destroyer,neutral
w6JXZ3GzSCQ,The Billion Dollar Scam - BBC World Service,BBC World Service,UgxJEueWspOIJQU6JC54AaABAg,Thanks for the great work! I myself a victim of this scam in the UK back in 2019. Deposited ¬£250 initially and they showed screen profits for 2 weeks and after that asked me to deposit more money. By then I investigated more and found out that I was scammed and asked them to refund money but never got it.,P E,ham
C_78DM8fG6E,The Inside Story of ChatGPT‚Äôs Astonishing Potential | Greg Brockman | TED,TED,UgwbCKFbTTkEgQwacI54AaABAg.9ojWUA9JB3C9on_H84fLB7,"[MAIN] How difficult to keep up with AI development is a strong indicator that life as we know it will never be the same! [REPLY] I didn't read the 10 replies, so this may have already been said but: It already isn't.",The Endarkened Illuminatus,ham
GDSf2h9_39I,Why Aliens Might Already Be On Their Way To Us,Kurzgesagt ‚Äì In a Nutshell,UgzzhYetq31VioVIHYF4AaABAg,The scarier thing than knowing what‚Äôs going to happen is not knowing what will happen. Human‚Äôs fear the unknown,Yhib Poop,ham
GqcR8t9DyEc,Best tiktok songs 2023 üç¶ Trending tiktok 2023 ~ Tiktok viral songs,Love Life Lyrics,UgzNfQ2hCQkmLeHrVqF4AaABAg.9nrjPo0pf8Q9nsIgucMXg6,"[MAIN] To the person reading this, you are wonderful, you are beautiful inside and out, your energy makes me feel warm, thank you for existing and i hope you have the best day ever Ô∏èÔ∏è [REPLY] Thank u",Irene Cabahaga,ham
QfRMUWtIFFo,The CALL OF DUTY KILLER keeps getting better with each passing day,FaZe Jev,UgwZLWKTYkOlqL32iiR4AaABAg,Something so simple that COD has taken away from us is Map Voting . Good job on this game for bringing back the little things,DreamShake Jones,ham
iCG_hMoURJA,Well...What A Week,JJ Olatunji,UgwXTF43AxRLBOEIlYl4AaABAg.9oSTZZVjHsl9ojzDNFx9Wl,[MAIN] We appreciate your kindness JJ. Hope to meet you one day [REPLY] you are a failyuuuuaaa,Quentin Williams,neutral
