video_id,video_name,topic_keywords
bKDkiafC7-U,We Played Roblox Battlefield,"played,enemy,chaotic,well,voice,long,friend,cenematic,actual,sound,fact,prox,brave,talent,laugh,action,weekend,field,absolute,chill,main,beta,thing,talk,potential,year,content,funny,strong,battle,yelled,incredible,damn,comedy,part,game,love,proximity,great,battlefield,fun,metal,room,smii,poly,stream,job,movie,unbeatable,smii7yplus,roblox,squeakin,dnd,charge,amazing,effect,community,quick,bridge,mom,people,steam,command,open,glad,gameplay,clean,time,feat,pipe,brother,discernable,awesome,favourite,video,cinematic,weekly,reply,amount,past,mount,hilarious,enough,many,dude,loss,server,much"
tfAo4dNFWg8,SIDEMEN AMONG US BUT THE IMPOSTER IS SUPER SIZED,"iconic,sidemen,entertain,alive,tired,double,meeting,josh,laugh,bro,acid,sized,phenomenal,day,main,thing,us,priceless,task,super,funny,play,vikk,first,behzinga,giant,next,game,rd,third,win,crazy,lachlan,ethan,reaction,brain,man,frustrating,heart,vik,unbelievable,comment,danny,one,lannan,collab,last,stupidness,legacy,crucial,guiding,glad,problem,big,gameplay,impressive,section,battery,round,good,imposter,time,moment,moresidemen,second,vote,among,reply,gentle,impostor,hilarious,intense,monthly,channel,fair,enough,stuff,aww,many,smart,performance,lazar,emergency"
EuPIOF0LG70,The Cookie Clicker Experience,"cook,trance,point,insanity,new,humour,kind,gamer,meme,fascinate,sentence,year,empire,form,video,background,happy,art,hour,society,nice,reply,amount,massive,effort,soudns,teller,amazing,large,unexpected,clicker,ideal,reality,much,madness,fine,consciousness,way,sad,story,cookie,people,announcment,phase,responsible,fall,true,determination,game,love,upload,big,decade,fun,plan,dragoon,mark,emotional,run,rollercoaster,life,world,good,time,guy,minute,main,half,month,job,watch,experience,moment"
QfRMUWtIFFo,The CALL OF DUTY KILLER keeps getting better with each passing day,"well,long,cod,ex,wait,fan,name,fact,fall,stack,day,beta,main,watch,call,keeps,mode,duty,common,playing,excited,play,getting,old,update,vid,look,search,game,ubisoft,love,great,path,fun,job,solo,man,frustrating,insane,happy,fps,vibrant,faze jev,jev,community,killer,lmao,people,sure,devs,gameplay,buddy,good,time,style,ubi,launch,little,lol,activision,full,video,release,nice,trick,reply,passing,bs,xdefiant,bad,hope,wrong,perfect,better,mw,desperate,much"
-U6GRqPHB2s,The Titanfall 2 Achievements were REALLY CRAZY,"licking,restart,punching,private,massive,work,cronkle,loadout,shit,titanfall,today,volkor,action,grenade,world,jack,smooth,main,achievement,exact,tho,replaying,mode,galaxy,sad,play,first,really,vid,game,love,great,guide,crazy,yesterday,course,drywall,speed,ability,man,prime,happy,player,amazing,life,ark,quick,berserker,hard,people,multiplayer,addicted,asian,good,time,month,average,new,little,second,lol,possible,sweating,mistake,video,hour,release,reply,see,reactor,achievements,couple,sager,class,campaign,master,passion,face,server,literal"
gMq-I0dejjE,Ice Spice & Nicki Minaj - Princess Diana (Official Music Video),"iconic,match,real,living,legend,classy,ice,voice,career,top,fact,double,minaj,booty,artist,theme,world,smooth,legal,absolute,main,diana,ride,flow,funny,feminino,debuting,inspiration,body,way,old,hearing,incredible,look,game,love,natural,success,sir,nicki,happy,tomorrow,consistent,adorable,billboard,kid,spice,princess,official,humble,matter,people,lyricism,glad,clean,sharp,good,style,new,female,video,music,confidence,wordplay,twerking,reply,icespicevevo,girl,streaming,catchy,nostalgic,rap,disappoint,makeup,song,rapper,language,express,decade,generation,much"
aW7bzd8uwyQ,Jack Black - Peaches (Directed by Cole Bennett)  The Super Mario Bros. Movie,"iconic,peach,talentoso,living,bennett,actor,legend,well,audience,voice,character,right,unrequited,increible,repeat,peaches,lyrical lemonade,fill,difference,por,cole,que,jack,peachin,main,day,limonade,mortal,watch,super,hermoso,emotion,sing,example,way,genius,directed,tune,move,part,viral,meaning,love,masterpiece,mario,movie,brain,man,childhood,vocalist,art,tough,black,hard,mom,people,version,energy,serious,least,good,time,este,brilliant,bros,moment,lirical,birth,new,lol,sense,video,reply,difficult,chart,fair,humor,rock,song,many,obsession,smart,able,suit,generation,inspiring,much"
STrWTV60Pho,Niall Horan - Ceilings (Lizzy McAlpine cover) in the Live Lounge,"real,bbcradio1vevo,lounge,appreciate,voice,long,woweeee,bonjourmarlene,cute,right,irish,wait,top,sound,cover,artist,lizzy,live,successful,world,spotify,main,harmony,nial,niall,desk,tone,way,horan,first,directioner,recognition,petition,love,masterpiece,great,popular,water,mcalpine,job,movie,stunning,album,pick,underrated,weeping,comment,amazing,ceilings,princess,hard,want,combination,version,car,start,yea,acoustic,good,time,awesome,full,beautiful,music,kinda,reply,angelic,lovely,guitar,nostalgic,fair,song,wrong,idk,proud,performance,magic,much"
aaxWvZnZEFc,Bohemian Rhapsody - Queen (Piano cover by Emily Linge),"soul,sky,voice,emily linge,young,top,fan,sound,cover,high,brave,talent,limit,hair,day,main,age,range,beauty,thank,easy,meeee,epic,sing,annual,incredible,dress,due,classic,love,masterpiece,great,sensation,kitchen,reach,wide,stunning,fantastic,challenging,–ª–∞–∏–∫,solo,emily,group,amazing,trading,praise,singing,queen,people,version,impressive,time,piano,sit,vocal,smile,awesome,commitment,beautiful,video,week,rhapsody,linge,lot,reply,bohemian,arrangement,word,bad,song,table,silence,proud,performance,wonderful,number,tender"
GqcR8t9DyEc,Best tiktok songs 2023 üç¶ Trending tiktok 2023 ~ Tiktok viral songs,"person,type,smile,songs,favor,lol,awesome,bill,beautiful,thank,happy,music,pueden,night,inside,ŸÉŸàÿ≤ÿ®ŸÜ,long,reply,boy,hola,girl,comment,sleep,life,collide,love life lyrics,wish,edit,way,bad,hope,people,best,name,energy,search,song,many,viral,trending,love,german,big,starboy,live,slayyyyyyyyyyyy,great,oa,por,mantap,kill,warm,app,none,tiktok,good,time,main,day,loud,wonderful,escapism,movie,moment"
6x7Sbiy5Pw0,How to SHOOT WITH POWER Regardless of your Technique,"fundamental,point,motion,journey,new,man,team,help,year,leg,power,thank,knee,underrated,video,content,fold,kick,technique,striker,lot,reply,mind,single,change,tutorial,straight,foot,free,work,amazing,pls,bullshit,ball,training,boot,step,accurate,channel,way,kicking,sure,energy,the football folk,true,part,football,huge,shooting,game,next,high,glad,practice,shoot,regardless,youtube,great,favorite,agility,quality,field,bro,short,ver,good,style,main,arm,thing,note,mate,sub"
1BZ0Zb8PE68,Arsenal rescue late point in SIX-GOAL THRILLER! ü§Ø | Arsenal 3-3 Southampton | EPL highlights,"point,match,fail,unacceptable,side,team,goal,thriller,six,sky sports premier league,self,full,heart,insane,easy,happy,competitive,southampton,player,rescue,late,reply,see,epl,walcott,amazing,bottom,life,rate,shocking,season,vintage,poor,decent,highlights,danger,body,relegation,link,different,top,fan,hard,first,people,gea,nature,roof,destruction,arsenal,entertaining,shrug,need,game,table,sport,non,ground,throw,maguire,great,safety,safe,ward,aletico,understand,performance,absolute,time,main,brilliant,minute,premier,league,home"
eZy5HlgPxJw,Pro Arm Wrestler challenges people in public,"match,opponent,competitive,technique,human,long,tilt,friend,compulsory,service,cool,hell,shit,public,practice,et,construction,main,arm,day,age,watch,strength,sore,year,tran,strong,swear,epic,bunch,way,furniture,rest,haha,pride,wrestler,pro,love,workout,great,win,fun,culture,guy,wrestling,climbing,man,tomorrow,group,challenges,amazing,one,humble,hard,people,behavior,sure,interesting,big,eachother,good,time,magnus midtb√∏,help,army,video,nice,peace,lot,reply,elbow,worker,smart,dude,table,heal,youtube,gap,tecnique,expert"
C3vGGDT8Wn4,This Down Syndrome Bodybuilder Will Inspire You!,"legend,control,well,disability,work,young,visibility,story,name,fact,interview,world,hand,kiss,absolute,coordination,main,syndrome,day,physique,person,priceless,dad,inspiration,example,body,sad,way,contribution,fitness,inspire,excuse,part,respect,great,crazy,guy,gym,man,heart,rise,larry wheels,bodybuilder,kid,amazing,step,hirnumlage,community,different,muscle,hard,people,star,interesting,voltz,big,fortunate,good,time,maximum,note,speak,point,son,video,downsyndrome,lot,kyle,reply,see,general,tristyn,many,huge,perfect,safe,proud,much"
saGPmoEuivc,MY FIRST BOXING FIGHT... I BROKE HER NOSE!?,"match,camp,idea,understandable,ring,real,journey,luck,potential,fight,full,botezlive,year,heart,happy,video,romi,week,ass,creator,funny,reply,boy,boxing,difficult,girl,work,committed,amazing,unfortunate,past,training,challenge,community,motivate,courageous,wholesome,first,people,pursuing,speech,tail,part,powerful,respect,huge,shit,next,inspiring,able,love,damage,great,impressive,fun,backing,comfort,yea,broke,proud,fighter,nose,performance,face,underdog,good,time,main,punch,thing,botez,month,terrific,opportunity,zone,much"
dN9b_jrSJ1A,"Student Accidentally Flashes Fake ID, Instantly Regrets It","law,resort,id,privacy,work,young,rapport,cool,instantly,student,live,alcohol,day,main,aggressive,thing,fake,college,eye,address,year,daily,honest,angle,crime scene cam,honesty,trouble,mind,example,way,old,liquor,first,due,case,officer,love,deal,felony,quality,yesterday,job,red,warning,ticket,accidentally,charge,drink,kid,comment,amazing,life,visible,last,break,scared,version,sure,serious,adult,glad,big,police,good,regrets,lol,possible,camera,video,flashes,lot,reply,girl,cop,country,qerious,violative,interaction,many,perfect,youtube,demeanor,stupid,face"
zAns6vl3E30,BREAKING: Inside the Matt Walsh Phone Hack,"internet,walsh,team,power,attack,work,right,crew,name,fact,light,main,money,thing,day,opportunity,person,daily,easy,alternative,byrne,healthcare,woman,know,module,body,food,ben shapiro,next,love,extra,path,identity,breaking,course,comms,violence,overdue,important,guy,job,soooo,phone,inside,card,life,wire,employee,people,morality,plan,good,time,mat,security,device,side,uncomfortable,little,stuck,hack,promote,med,defense,matt,reason,reply,family,company,sim,smart,wrong,proud,hacker,tolerant,child,much"
LjIaeJH57-Q,Ukraine War: NATO allies 'agree Ukraine will become member',"point,spoon,glide,city,member,mile,aware,living,war,russian,meaningless,sentence,sense,significant,power,insane,army,video,eternity,connorisswole,nuclear,away,agree,hour,bunker,fuse,card,reply,incompetence,meaningful,drone,allies,populous,military,propaganda,narrative,right,become,word,contribution,want,people,category,reductive,footage,sure,mission,part,evidence,open,many,ukraine,explanation,pilot,corporate,ground,key,big,fuel,plan,icompetence,chance,world,secret,upgrade,ukranian,time,main,day,bomb,qualify,nato,mate,sky news,target,border"
Kdax_IQXZtE,Deputy PM Dominic Raab resigns over bullying report,"abusive,privilege,civil,private,jrm,department,deputy,service,story,minister,fact,establishment,brexit,mp,sunak,leave,bullying,main,money,thing,workplace,partner,year,pm,independent,privileged,timebomb,news,throbbing,independence,scottish,admit,example,way,question,cabinet,respect,scotland,deal,feedback,parliament,effective,minsky,miracle,violent,raab,fury,people,telegram,scum,staff,behaviour,channel 4 news,ground,big,indolence,good,surprise,head,side,feckless,resigns,sense,report,video,conduct,white,pore,lot,reply,dominic,country,victim,poor,angry,toxic,company,lifestyle,many,pet,upbringing,stupid,performance"
BQO0AMveaFk,"Threshold for bullying in danger of being too low, says Dominic Raab","person,elite,bloodsport,man,petty,parliament,definition,joy,inferior,sum,nasty,budget,report,threshold,civil,shoplifting,engage,guardian news,funny,evacuation,reply,comment,change,management,work,parade,trouble,albanian,government,dominic,twist,raab,constructive,danger,service,official,way,word,binary,people,document,vein,believe,agenda,look,boris,criticism,suggestion,theft,wrong,love,confusing,problem,place,decade,says,low,bullying,rage,performance,main,head,thing,ridiculous,senior"
-cgoSk_yg6k,How Do German Schools Teach About WWII?,"point,schools,view,city,home,atrocity,war,year,study,video,unpleasant,reason,lot,reply,tweak,teach,country,life,military,school,accurate,channel,way,support,wwii,old,student,people,responsible,freedom,pride,today i found out,case,topic,class,many,glad,interesting,german,system,horrible,great,live,win,monster,proud,bit,teacher,hand,time,important,day,thing,approach,main,much,history"
TEXEDyOn-4o,The Easiest Chili Garlic Noodles Ever (3 Ways),"cook,normal,spatzle,well,usual,change,butter,ways,joshua weissman,sound,packet,Á≤âËÄóÂ≠ê,northern,chili,josh,garlic,main,bulgogi,bone,pork,pepper,remix,tteokbokki,rice,ever,easy,delicious,steak,recipe,egg,powder,sauce,vid,gnocchi,scratch,culinary,fresh,love,rd,great,third,potato,instant,fiancee,bomb,job,red,dish,stock,curious,livestream,free,amazing,skirt,different,starch,version,easiest,big,spicy,translation,noodle,direct,good,brother,mat,side,vinegar,little,noodles,freaking,favourite,video,lot,reply,amount,see,family,korean,tbsp,thickness,cookbook,uneasy,mild,oil,roommate,decade,bit,fenhaozi,experiment"
g1pb2aK2we4,How stretching actually changes your muscles - Malachy McHugh,"motion,injury,stretching,resiliency,issue,range,position,full,control,movement,static,leg,study,effective,thank,difficulty,video,mobility,week,yoga,changes,hip,lot,nice,loose,reply,trouble,see,work,job,life,free,actually,overall,much,effect,body,hurt,way,different,exercise,muscle,dynamic,people,muscles,intensity,lucky,part,class,maxed,many,love,stretch,sport,problem,workout,malachy,great,activity,teded,mchugh,lever,run,yesterday,good,time,day,runner,thing,main,guy,important,realization,strength"
C_78DM8fG6E,The Inside Story of ChatGPT‚Äôs Astonishing Potential | Greg Brockman | TED,"write,greg,work,structure,model,service,story,access,artificial,ai,world,field,business,brockman,main,beta,thing,future,fail,tool,potential,sentence,year,task,society,answer,personality,role,way,first,incredible,tutor,question,great,opening,complete,homework,feedback,ability,nonexistent,code,reasoning,pandora,inside,comment,amazing,life,free,keep,technology,hard,intuitive,people,dynamic,ted,open,problem,development,time,friendly,entry,new,output,full,computer,reply,difficult,see,uncertainty,cost,capability,company,stuff,level,chatgpt,many,able,advantage,bringer,wonderful,intelligence,astonishing,irrelevant"
GDSf2h9_39I,Why Aliens Might Already Be On Their Way To Us,"fusion,radio,human,alive,work,already,curly,drop,story,civilization,design,race,hole,current,place,light,hair,main,thing,future,idea,range,us,galactic,empire,humanity,galaxy,civilisation,strategy,advanced,grab,way,first,pre,move,question,part,game,love,great,contact,series,intelligent,animation,theory,life,black,last,expansion,kurzgesagt ‚Äì in a nutshell,stellaris,star,interesting,big,good,time,new,war,possible,video,aliens,observation,primitive,early,lot,reply,alien,amount,price,transmission,hope,planet,many,limited,universe,might,ftl"
w6JXZ3GzSCQ,The Billion Dollar Scam - BBC World Service,"basic,real,financial,kind,man,team,phone,client,dollar,call,eye,year,opener,easy,spanish,legitimate,video,research,terminal,reply,market,work,promise,country,free,large,victim,account,scam,fund,darling,flag,deposit,ashamed,choose,awareness,way,investment,different,auto,billion,return,first,company,people,enforcement,bbc world service,investigative,service,decay,excellent,many,license,justice,journalism,scammer,love,translate,moral,action,likely,police,bbc,world,good,time,main,money,base,day,criminal,red,guy,fraud"
wgITHaznzkE,"What Leaked Pentagon Docs Show About Ukraine War, U.S. Spying on Allies","information,self,osint,espionage,fast,mask,tank,private,friend,government,danger,concern,illegal,powerful,ukraine,today,action,world,field,entire,business,main,assange,chat,eye,year,apparatus,epic,pentagon,allies,pipeline,dream,nation,show,letter,due,trump,part,game,pathetic,process,culprit,newspaper,monster,american,endanger,kingdom,spying,ban,alon,statement,dispute,group,life,democracy now,thunder,leaked,secrecy,quick,wagner,last,weapon,people,odd,leak,big,time,whole,war,possible,correct,week,retirement,tracking,reason,reply,boy,market,family,rodger,channel,forum,guilty,size,enough,docs,oil,assault,hunter,henry,secret,back,stupid,intelligence,scale,much"
Pnva-dZm75g,The Depressing World Of Rapper's Fake Lifestyles,"real,health,gangster,spot,work,reality,cool,actual,story,famous,successful,world,bro,main,day,thing,fake,money,lifestyles,person,wealth,creativity,year,society,funny,way,sad,first,show,rich,love,expose,great,crazy,success,man,dead,happy,depressing,hip,kid,growth,leadership,free,life,wish,comeback,different,mom,people,feel,informative,big,mean,good,time,hood,style,holiday,stray,truth,little,follow,modest,noc noc,video,nice,gift,reply,family,reading,rap,jail,hope,stuff,need,bla,rapper,youtube,activity,back,excellent,much"
F7dfwKMa_gs,Inside Central Cee‚Äôs Louis Vuitton Bag | In The Bag,"real,cee,kind,mother,alive,flex,cute,young,right,remind,thought,cool,cut,name,fact,sooo,public,persona,world,bro,special,chill,main,day,thing,person,coz,hemingway,year,sentimental,century,know,way,old,skin,influencer,love,extra,win,central,guy,sweet,scraper,aura,man,profound,soft,drill,tea,inside,comment,vibe,british vogue,earth,british,madeline,breathing,different,people,energy,open,sweetest,calm,good,vet,head,comfortable,bag,vuitton,side,frfr,modest,lol,camera,book,grand,purse,dog,ramunekoi,lot,reply,fashion,rap,aww,need,taste,tiktok,louis,run,back"
LyVlvu8BoNU,The Worst Product We‚Äôve Tried in YEARS!,"worst,years,volume,curious,product,basement,chassis,linus tech tips,full,year,trial,thank,desk,video,linus,pc,tube,alex,well,small,block,release,subscription,pesky,ish,space,reply,tried,drone,guard,much,test,similar,cool,monthly,pressure,way,last,old,fan,worried,version,cooler,sound,look,couple,entertaining,part,open,attempt,many,design,valve,ground,system,problem,warranty,great,water,external,low,standard,fun,house,performance,sized,protect,propeller,time,main,day,thing,build,whole"
iCG_hMoURJA,Well...What A Week,"journey,jj olatunji,well,appreciate,human,work,young,right,building,model,hell,kindness,fan,fact,fall,shit,determination,dark,situation,place,light,bro,world,day,main,thing,person,heskey,eye,satire,clearing,influence,pakistani,mind,improvement,strong,inspiration,role,jj,heeeeeeeee,way,old,hearing,comedy,respect,love,great,guy,man,allot,kid,amazing,king,matter,hard,people,glad,trusting,damage,big,hail,good,time,whole,side,new,smile,help,end,mistake,video,week,lot,reply,see,hope,educate,many,emotional,much"
vdxsZMAypts,This Is Disgusting,"internet,real,kind,overweight,grit,friend,nun,goblin,cute,thought,degenerate,story,name,toothbrush,queasy,public,shit,day,main,age,opportunity,cup,potential,raunchy,toilet,thank,delicious,bodily,influence,news,surprised,penguinz0,critical,soupeur,awareness,beer,old,major,case,fella,flush,tv,random,love,non,german,awake,urinal,guy,important,death,man,heart,educated,creator,charge,drink,life,free,large,disgusted,disgusting,people,stenchy,compete,piss,good,time,hubby,point,charlie,priest,video,tinkle,reply,biopic,morning,unwell,school,poor,brown,faul,trucker,drinking,sharing,chalice,hope,cable,chance,face,careful,meth,much"
ShNcXwPwAns,Behind the Stream: Inside the Life of xQc,"future,idea,information,enjoyable,vapor,kind,man,joke,basement,xqc,camera,video,content,squirrel,group,inside,nice,genuine,lot,reply,see,behind,friend,work,life,sleep,amazing,vibe,goblin,account,streamer,cameraman,food,community,strange,sad,actual,hell,rest,lens,way,humble,people,shelter,enough,fact,utilize,xqcll,respect,random,love,table,talent,great,water,frustration,editor,stfu,insight,good,irl,main,vapour,twitch,guy,stream,job,much"
SsT8tGu-soQ,They're Trying To Steal My Car,"keitora,import,tracker,equivalent,curator,work,cool,drive,counterstrike,public,place,action,homie,trying,main,day,thing,talk,funky,weird,call,year,site,route,heartwarming,mogul,old,mogul mail,first,dream,inspire,look,part,classic,truck,next,love,great,sorry,fun,farm,guy,gospel,lud,man,mail,tiny,steal,adorable,museum,life,blunt,quick,marketing,donut,feel,sure,offroad,least,car,reddit,big,kei,electric,minor,good,time,ensure,memewithinameme,second,cow,budget,identifiable,video,airtag,lot,reply,salute,country,mentioning,deserve,hope,horrible,chinese,generation"
1WEAJ-DFkHE,"$1 vs $500,000 Plane Ticket!","votre,team,mother,well,tanta,hat,–æ–∑–≤—É—á–∫—É,hacer,massive,usd,crew,—Ä–æ–ª–∏–∫–æ–≤,increible,bed,–±–∏—Å—Ç,hacen,lucky,peine,persona,sin,dangerous,que,mrbeast,special,entire,rompen,day,main,air,available,history,person,–∑–∞,joy,—Å—Ç–∞—Ä–∞–Ω–∏—è,–Ω–∏—á—Ç–æ,year,content,estoy,planting,sigas,respect,fresh,love,flight,motivo,great,fun,crazy,participe,job,success,man,ticket,–ª—É—á—à–∏–∏,beach,existir,ultimo,verdad,amazing,mxm,keep,earth,mom,people,million,sure,—ç—Ç–æ–≥–æ,blindness,vraiment,puede,suscrito,good,time,este,awesome,camera,excelente,vs,breath,page,–º–∏—Å—Ç–µ—Ä,humor,level,happiness,many,thrill,plane,—Å–ø–∞—Å–∏–±–æ,vous,much"
1ZYbU82GVz4,"Relaxing Sleep Music ‚Ä¢ Deep Sleeping Music, Relaxing Music, Stress Relief, Meditation Music (Flying)","tension,sleeping,well,night,sleep,feeling,close,young,right,sound,fact,fill,dark,por,world,day,main,watch,person,blessing,https,year,thank,com,mind,single,youth,fine,body,sad,peder,love,comfort,great,prosperity,meditation,soothing relaxation,confusion,fantastic,clarity,heart,darkest,happy,flying,tough,comment,life,black,zmlbhgde,wish,people,version,sure,deep,stress,pray,section,eachother,calm,good,time,original,home,doubt,smile,new,relief,video,music,relaxing,hour,peace,reply,replace,hope,relaxation,many,youtube,screen,asleep,happiness,much"
bgtQh-O4DHQ,ASMR MUKBANG KFC FRIED CHICKEN & CHICKEN SANDWICHES & POPCORN CHICKEN & MAC N CHEESE (No Talking),"drool,real,ready,soul,crunchy,asmr,bed,cheese,sound,fried,choi,mukbang,main,thing,kendime,watch,air,person,zach,delicious,honest,zach choi asmr,force,hungry,ramazanda,pshit,food,sandwiches,first,look,fresh,love,extra,great,muslim,crazy,guy,burger,man,crisp,happy,amazing,evt,earth,popcorn,kfc,people,god,good,time,slurp,green,mac,bite,smile,chicken,lol,full,video,dog,lot,silent,sprite,reply,nice,talking,breath,edit,gulp,bad,hope,dinner,optional,perfect,dude,idk,bit,crunch"
2FGR-OspxsU,10-Minute Meditation For Healing,"chest,journey,kind,health,self,goodful,bottom,yrs,thought,fact,powerful,today,world,main,day,doctor,listening,hopeless,person,capable,blessing,ease,year,thank,grateful,vibration,old,alignment,okay,random,love,process,great,meditation,minute,soooo,believe,success,snob,finger,heart,happy,life,amazing,step,everytime,vibrational,stress,big,healing,good,time,whole,moment,little,help,beautiful,linear,video,headache,lot,unique,reply,family,reading,word,hope,area,thx,planet,many,heal,positive,proud,bit,manage,happiness,much"
n_uFzLPYDd8,[–ü–ª–µ–π–ª–∏—Å—Ç] –£—Å–ø–æ–∫–∞–∏–≤–∞—é—â–∏–π 24-—á–∞—Å–æ–≤–æ–π –ø–ª–µ–π–ª–∏—Å—Ç –¥–∂–∞–∑–æ–≤–æ–π –º—É–∑—ã–∫–∏ –∏ –∑–≤—É–∫–∏ –¥–æ–∂–¥—è –¥–ª—è —Ä–∞–±–æ—Ç—ã ‚òïüéß,"—Ä–∞–±–æ—Ç—ã,well,human,work,adhd,—á–∞—Å–æ–≤–æ–π,–±–æ–ª—å—à–æ–µ,–¥–æ–∂–¥—è,today,procrastination,light,rainy,smooth,chill,day,main,thing,dar,cup,–∑–∞,study,daily,thank,certain,desk,picture,–ø–ª–µ–π–ª–∏—Å—Ç,–¥—è–∫—É—é,–¥–∂–∞–∑–æ–≤–æ–π,walk,body,playlist,love,–º—É–∑—ã–∫–∏,water,warm,awake,guy,tempo,stunning,fantastic,—É—Å–ø–æ–∫–∞–∏–≤–∞—é—â–∏–π,brain,sway,background,block,tea,life,—Ä–æ–±–æ—Ç—É,in the rain,subtle,behold,–∑–≤—É–∫–∏,good,whole,home,–ø—Ä–µ–∫—Ä–∞—Å–Ω—É—é,—Ä–∞—Å—Å–ª–∞–±–∏—Ç—å—Å—è,lol,son,music,book,find,relaxing,hour,jazz,nice,–¥–ª—è,gentle,reply,—Ä–æ–±–ª—é,relaxed,channel,reading,sharing,dinner,stuff,perfect,marriage,silence,—Å–ø–∞—Å–∏–±–æ,coffee,wonderful,mellow,–ø—Ä–æ—Å—Ç–æ"
2mgUPt2KI08,The Life of Jesus | English | Official Full HD Movie,"ready,kidney,mother,faith,addiction,almighty,jesus,hiyaa,glory,story,cry,dark,today,sin,heavenly,holy,day,main,cup,strength,blessing,year,grateful,mind,failure,ill,way,old,hearing,first,jesusnet,part,curiosity,baby,love,great,fun,half,english,gospel,hd,movie,halleluyah,death,man,heart,dialysis,mouth,savior,happy,drink,unimaginable,life,pain,free,one,unconditional,official,scared,dandy,mankind,church,healing,believer,good,time,head,whole,home,new,little,handy,end,full,struggle,diabetes,week,lot,peace,gift,reply,girl,family,film,past,dryness,deserve,need,heal,proud"
3hhPBAConqo,Watching Andrew Tate Until he Insults me,"sadness,tate,vessel,self,insult,bully,long,denial,young,manipulate,bald,cut,fame,infinite,laugh,live,bro,holy,main,listening,joke,idiotic,year,advice,humanity,bt,content,everyday,news,findom,wisdom,example,old,onion,okay,humiliation,buy,pathetic,love,room,popular,schtick,kitchen,course,guy,defeat,man,associate,onyinz,comment,homeless,fate,heat,watching,people,connor,algorithm,translation,predator,house,good,time,truth,andrew,help,end,mistake,video,fetish,generic,bruh,silent,reply,hilarious,poor,insults,edit,shitty,need,smart,wrong,perfect,one giant onion,stupid,asleep,matrix,much"
S0ICco0tMy8,Guga vs Nick DiGiovanni $1 Steak Battle!,"cook,match,nick,pasta,digiovanni,mother,butter,work,check,guga foods,alot,duo,cool,aged,fan,cheese,cut,thin,hot,weight,avenger,crispy,main,future,idea,fry,steak,content,perfection,know,battle,critical,cheap,food,example,fitness,sauce,standalone,strip,basket,respect,love,great,fun,inmost,thinking,dish,party,default,react,mystery,challenge,saltbae,collab,praise,feta,risotto,version,competition,good,time,malice,whole,full,video,vs,mjolnir,nice,lot,reply,cooking,fashion,try,womb,soften,guga,tenderize,betrayal,threat,meat,wonderful,experience"
UJPP4368So4,Police Can't Stop Self-Driving Car,"delay,brood,self,control,technique,work,cute,service,wholesome,orphan,cut,name,fall,fact,stick,world,construction,day,main,thing,idea,stop,year,despicable,segment,funny,rooster,clip,cuteness,heavy,old,first,wake,manager,mood,search,giant,case,respect,baby,foster,love,great,fun,warm,title,sweet,liability,man,happy,proper,adorable,amazing,branch,mom,people,car,interesting,police,good,time,painful,daily dose of internet,second,full,video,input,dog,lot,reply,channel,bad,owl,driving,french,many,able,proud,face,customer,much"
-SYwOAe6V_4,ASMR for Those Who Want to Sleep Soundly Now / 3Hr (No Talking),"hologram,sand,variety,night,appreciate,sleep,omg,hr,asmr,less,actual,mic,bed,sound,cover,silicone,blanket,mini,world,day,thing,swimming,person,year,coromo sara asmr,body,way,trigger,play,old,durmo,sexy,sponge,first,rough,squeeze,love,press,warm,ear,picky,tip,brain,finger,comment,subscribed,life,amazing,lecture,pad,todo,„Çø„ÉÉ„Éí„É≥„ÇØ,hard,want,helpful,calm,bike,good,soundly,disgust,new,brush,dipper,video,tape,hour,nice,talking,kinetic,relaxed,edit,tysm,make,hope,award,class,many,worth,youtube,cue,fluffy,screen,bit,asleep,urethane,coffee"
--lQFq7XYYA,the slap but with ragdoll physics,"source,hate,front,well,human,tent,exodus,inhuman,legendary,quinnthecaptain,thought,slap,less,name,fact,oscar,cutout,mirror,favorite,hand,comedic,day,main,thing,floor,thank,multiple,super,funny,emotion,rewind,collide,ragdoll,fine,brutal,way,egyptian,detail,love,nail,yah,fun,half,minute,crucifixion,animation,tip,man,event,insane,supportive,vav,projectile,pain,physics,praise,vfx,people,floppy,behold,hydroxyl,spammer,attention,glad,reddit,impressive,good,time,original,moment,sacrifice,second,relief,video,realm,reply,social,breath,hilarious,poor,edit,channel,shadow,ancient,rock,object,much"
s6rHwlXqZYQ,Cristale x Teezandos - Plugged In w/ Fumez The Engineer | @MixtapeMadness,"thumbnail,teezandos,trusttttttttttt,female,favourite,bloody,pigeon,drill,read,flow,bruh,compliment,maxwell,photograph,reply,mind,mixtape madness,cold,lad,warrior,craziest,hell,knew,plugged,skin,hard,erotic,name,energy,cristale,need,mixtapemadness,spitting,glad,combo,fumez,mad,fuck,stupid,crazy,performance,nuts,bro,good,main,head,brilliant,engineer"
3gLknYPi7-U,NLE Choppa - Shake It feat. @RussMillions (Official Video),"album,snippet,grind,man,humour,second,uk,legend,chemistry,musical,fire,music,video,ethic,drill,impactante,shake,flow,reply,skill,qujxxj,track,work,strong,dance,montage,russmillions,back,collab,official,way,different,fan,playlist,dissapoint,hope,hard,choppa,nle choppa,disappoint,beat,repeat,true,class,song,slk,viral,unstoppable,game,attention,glad,love,banger,many,respect,nle,fkin,shotta,pure,mad,bro,crazy,none,performance,chloeee,absolute,good,russ,day,main,style,entire,feat,mate,home"
KljvA0Arzx8,YoungBoy Never Broke Again - Big Truck [Official Music Video],"point,success,album,goat,death,real,ability,man,greatness,set,power,ser,fire,music,pqp,swillz,ethic,unmatched,video,flow,release,reply,unnoticed,ano,never,work,youngboy never broke again,feeling,industry,consistency,accomplished,black,loyalty,example,official,different,top,fan,legacy,hard,miss,grandma,measure,disappoint,energy,undeniable,beat,level,search,true,song,conquer,truck,shit,game,love,banger,worth,talent,big,youngboy,broke,proud,world,crazy,reach,bro,special,good,guy,main,money,thing,wack,generation,inspiring"
dMoFcvfd5t4,The Weeknd ft. Future - Double Fantasy (Official Music Video),"point,future,adorou,real,https,man,decepciona,actor,bom,sleeve,music,video,impossivel,theweekndvevo,cara,nunca,smp,merece,manana,horrendous,reply,effort,fantasy,excited,beh,surreal,school,ele,one,mundo,coisa,official,play,drop,arrasou,top,bendicion,bad,list,fan,mejor,combinacao,show,weeknd,ft,ty,double,qualidade,song,falla,banger,nivel,master,artist,aqui,qualquer,por,perfecta,dupla,pra,este,main,guy,erra,errar,pos"
mKEphyIbtXo,Ed Sheeran - Boat [Official Video],"type,soul,boat,consume,ed,feeling,melody,structure,story,increible,svijeta,powerful,artist,current,—É—Å–ø–æ–∫–∞–∏–≤–∞–µ—Ç—Å—è,por,que,conform,main,dar,thing,listening,cancion,afraid,typical,–∑–∞,storyteller,thank,grateful,single,–ª—é–±–æ–≤—å,nagrade,inspiration,way,untouchable,first,love,grief,fun,instant,raƒëa,ed sheeran,–∫–æ–º–ø–æ–∑–∏—Ü–∏–∏,man,heart,life,amazing,–¥—É—à–∞,torrent,official,fois,feel,deep,think,–ø–µ—Ä–µ—Å—Ç–∞–µ—Ç,time,ovog,cancer,piece,—É—Å—Ç–∞–ª–æ—Å—Ç—å,side,beautiful,video,music,share,ok,reply,guitar,hope,rhythm,sheeran,song,able,master,heal,survivor,visual,persistent,fighter,evoke,magic,sea"
JdjH8uVSrkI,DEEBLOCK PUBLIC SLAMBALL TOURNAMENT!,"real,city,type,deeblock,ass,lie,work,right,fact,shit,stick,public,disrespectful,dunk,hittin,bro,hand,main,basketball,talk,headtop,air,grabbin,slamball,injury,duke,year,play,tournament,duke dennis,pride,damn,next,game,pro,love,banger,great,mad,crazy,hella,composure,rim,man,finger,event,block,life,black,official,everytime,different,people,open,big,fit,good,time,magnet,maturity,whole,grind,new,video,dope,package,manz,nice,reply,see,gang,fashooo,hurt,lil,superman,windmill,need,dude,youtube,highlight,proud"
K_l3k7c5-Uo,"Every Time You Score, the Keeper Gets Upgraded","fu,usual,work,rolling,corner,every,top,wholesome,fan,fact,absolute,main,thing,gets,goal,calfreezy,floor,content,gold,small,funny,notch,hear,freezy,incredible,vid,banter,part,scheduling,game,bartosz,love,banger,great,quality,ear,stunning,seeker,act,insane,shot,prem,keeper,different,energy,true,football,attention,glad,shame,pleasure,pure,tobi,short,time,month,bia≈Çkowski,cal,ik,video,bruh,nice,reply,see,effort,general,hilarious,channel,upgraded,score,level,class,many,express,youtube,buildup,chrismd,criminal,excellent,much,fraud"
8TlrXc3TYgs,I bought every MacBook Ever.,"macbook,bank,bought,man,worry,dedication,ever,insane,thank,video,content,book,main,perfection,techie,ok,long,reply,price,effort,work,excited,amazing,mrwhosetheboss,account,much,spec,challenge,info,channel,way,every,story,bad,fan,first,production,want,disappoint,day,fact,time,wayyy,apple,serious,generation,iphone,powerful,high,dude,envelope,interesting,tech,love,deal,passion,great,intresting,quality,world,good,guy,air,decision,arun,reposition,series,job,item,watch,mac,whole"
Z4c7_QVcKJQ,SIDEMEN EXTREME HOT VS COLD CAMPING,"blast,real,team,self,sidemen,iceland,well,ice,radio,long,tent,environment,duo,jump,porch,catch,story,top,wholesome,fact,hot,favorite,special,coolest,hand,main,fake,thing,exact,year,toilet,multiple,snow,small,surprised,dad,trip,thermal,jj,way,first,fist,gear,pound,part,love,great,fun,guy,camping,tour,pun,moaning,glacier,happy,vik,life,cozy,hard,scared,people,sure,anton,star,bird,episode,inexperience,time,climax,whole,moment,awesome,video,grand,arc,hotel,vs,nice,genuine,reply,milk,cold,hilarious,arctic,extreme,driving,many,shocked,experience"
1qhaxUh6OKk,SIDEMEN MUSIC BATTLE,"uwuffu,stan,golf,sidemen,work,shiiiit,wholesome,list,soo,world,chill,main,watch,cup,choice,thank,multiple,passionate,tier,funny,force,battle,era,clip,food,way,rest,part,petition,tv,love,banger,great,fun,bracket,arse,series,movie,harddd,man,curious,heart,vik,ultimate,shocking,one,final,singing,different,glad,time,head,quiet,fax,moment,painful,moresidemen,full,obvious,favourite,video,music,lot,nice,reply,expensive,tbh,angry,couple,sick,song,need,many,taste,face,ohhh,eg,kryptonite,much"
ih5SInZ93k4,Try Not To Laugh TÃ¥ÕÑÃ¶rÃ∑ÕêÃπyÃ∏ÕùÃ™ Ã¥ÃîÃ≥NÃ¥ÕåÃßoÃ¥ÃïÃπtÃ¥ÕåÃ™ Ã¥ÕòÃºTÃ∂ÕùÃ†oÃ∏ÃÖÕî Ã∑ÃΩÃòLÃ∂ÕåÕÖaÃ∂ÃÇÃ¶uÃ¥ÕäÕìgÃµÃçÃ´hÃµÕäÃ≠!Ã∏ÃïÃØ,"law,type,meme,dumb,repent,eternity,faith,butter,lie,character,cute,hell,uncle,wholesome,laugh,sin,holy,main,option,supporter,joy,perfection,dad,funny,personality,clip,wife,ally,baby,love,father,bot,quality,guy,prouder,boomery,sub,death,man,dead,fellow,happy,kid,life,amazing,king,hard,people,figure,true,thankfulness,adult,problem,big,development,good,time,shii,new,lol,cow,possible,video,nice,reply,family,try,guilty,humor,couple,felix,pewd,pewdiepie,many,proud,fatherhood,child"
qUzpCqXZIYw,Fastest Android EVER vs iPhone!,"point,option,phone,end,ultra,actor,comparison,useable,ever,camera,equal,video,well,shake,packaging,cpu,vs,nice,lot,bottleneck,reply,mind,market,see,change,review,ultimate,amazing,intensive,mrwhosetheboss,router,test,one,fastest,android,way,last,strange,choose,top,instance,gaming,actual,asus,load,category,cooler,stuff,look,iphone,suggestion,next,game,high,interesting,box,think,great,third,difference,rog,battery,chance,quality,chinese,performance,smooth,present,good,main,basis,arun,note,much"
KCHT6a53OqY,Why I Love Comics,"theodd,twitter,brand,outside,appreciate,audience,check,wholesome,fact,calvin,sout,talent,artist,favorite,bro,main,day,collection,grown,typical,blog,thank,com,tumblr,quantity,cuss,single,improvement,excited,genius,web,show,strip,part,website,game,random,love,great,brightening,sensation,quality,job,animation,webcomic,man,akin,mature,theodd1sout,happy,childhood,art,creator,webpage,growth,kid,international,vibe,comics,comic,people,eldridge,espanol,glad,good,time,month,horror,new,relationship,definition,full,amazed,video,book,music,theoatmeal,nice,reply,family,channel,horrified,ancient,many,existence,app,wonderful,loud,simple"
mMaBVfIedFw,Selfie Waves,"waves,internet,real,type,deficit,interpersonal,well,nd,memory,young,precious,thought,stomach,topic,mathematical,today,world,main,thing,relic,history,person,idea,income,honest,picture,content,personality,casual,cheap,shop,example,way,old,question,case,love,quality,guy,expression,member,man,happy,vsauce,decent,step,different,explainer,serious,interesting,think,population,low,mean,good,time,piece,new,video,grand,anastasia,accessible,reply,linguistic,film,family,general,past,portion,photography,channel,online,extreme,score,scammer,perfect,worth,youtube,photo,selfie,micheal,intelligence"
xLu_YNGAIIY,The Last Dream SMP Video Ever,"journey,sadness,ready,night,long,tear,character,close,thought,cool,fan,miss,techno,fact,high,place,wilbur,special,phenomenal,main,day,watch,humour,joy,ever,thank,content,gold,smp,grateful,heartwarming,sad,ye,dream,first,finale,terrible,part,shine,next,fun,potato,stream,dsmp,tommyinnit,happy,comment,life,blood,wish,last,lore,therapy,waste,mean,short,good,time,second,awesome,center,video,late,reply,see,family,edit,online,cabin,ronilvjy,many,technoblade,rollercoaster,emotional,server,experience,much"
I8eajHyqcPM,GUESS WHAT HAPPENS NEXT CHALLENGE!,"point,new,man,bonus,obvious,write,report,rise,video,tiny,well,chipsssss,week,vik,demand,dog,recount,reply,comment,dissertation,bs,fckin,slow,right,keep,fine,happens,challenge,singing,way,last,wholesome,shadrach,lunch,incredible,progress,due,entertaining,pay,leavin,part,let,many,next,delightful,extra,big,laugh,eating,proud,bot,sidemenreacts,tobi,good,time,main,minute,fake,editor,guess,much"
UKjacBZE52c,ROBLOX'S BIGGEST UPDATE EVER!!!! üò±üò®,"pie,kind,kreekcraft,anti,lol,dedication,baller,ever,video,content,honest,roblox,unbelievable,appreciate,dad,bruh,lot,kid,biggest,reply,vantherz,work,hilarious,much,touch,take,hell,update,people,cheat,grass,let,least,respect,webcam,love,cutie,problem,bot,bro,sssniperwolf,time,day,main,fake,minute,recent,moment"
I95Sk0PprvQ,SOLO in a GOLD ONLY Squad Game Mode! (Fortnite),"person,fantastic,goat,man,typical,second,gamer,banana,trout,solo,mode,video,content,sweat,gold,icon,super,appreciate,personality,reply,chapter,work,odm,amazing,tg plays,tbh,right,challenge,keep,cool,wait,different,last,skin,hard,hope,lobby,people,name,fortnite,gear,remember,game,solid,glad,twin,love,great,encouraging,fun,bot,persistent,crazy,stupid,understand,back,slinky,good,main,day,squad,job,itztee"
7NkSdfPOgE8,They are saying this is the CALL OF DUTY KILLER,"launch,comp,summer,new,saying,end,call,movement,duty,well,video,division,tactical,content,fps,usual,refreshing,super,op,faze jev,player,nice,reply,skill,excited,strong,cod,amazing,feeling,free,support,channel,actual,last,play,way,old,xdefiant,fan,tired,killer,hope,lobby,people,stuff,level,part,classic,shit,need,devs,game,attention,high,factor,think,gameplay,nose,big,fun,great,gun,impressive,light,mw,minor,good,map,main,beta,thing,time,recent"
rXKjq6bZrsM,"Minecraft, But Any SCARY Build Hack, You Get","view,real,man,hack,null,eye,spectator,video,centimeter,tiny,grim,logical,funny,bruh,lot,reply,eystreem,get,toggle,care,minecraft,thing,building,trooper,sandwich,tuna,channel,way,reaper,creative,different,fan,show,opposite,stuff,fact,pay,entertaining,bacteria,scary,giant,part,need,game,love,big,microphone,great,laugh,favorite,fun,yea,press,join,secret,hand,time,main,ethan,build,fen,terraria,average,firelight"
d0uQtYjswOY,HIGHLIGHTS | Arsenal vs. Bayern Munich (UEFA Women's Champions League 2022-23),"champions,man,team,goal,strike,second,little,issue,beautiful,women,year,grit,heart,mistake,defensive,insane,well,week,norwegian,coyg,vs,player,lot,woman,reply,girl,effort,excited,foot,amazing,shot,strong,skilled,season,tonight,highlights,munich,uefa,dazn uefa womens champions league,way,line,pedal,impressed,top,adept,first,hope,bayern,sure,entertaining,mission,arsenal,barcelona,football,next,huge,game,foord,think,great,win,fun,chance,gas,main,brilliant,assist,simple,watch,league"
WIGGnZNLDIc,The Professor SERIOUSLY TESTED 5v5 vs Abrasive Pro Hoopers,"team,generous,legend,front,defender,entertain,abrasive,work,ball,cool,fan,fact,crowd,tested,practice,dunk,artist,difference,tonne,world,hoopers,main,basketball,talk,curb,idea,injury,offense,freestyle,excited,trash,example,way,play,old,physical,respect,viral,game,pro,love,great,professer,none,guy,professor,act,man,happy,block,player,kid,humble,hard,people,textbook,imagine,energy,true,professor live,peak,big,impressive,outta,hooper,good,home,book,defense,vs,lot,nice,reply,seriously,embarrassed,level,dirty,many,dude,npc,showman,back,performance,much"
cXwIZ8ehIKE,Nightly News Full Broadcast - April 21st,"law,health,living,night,nbc news,fiction,april,story,return,state,access,coo,importance,artificial,world,middle,entire,main,day,decision,abortion,money,science,future,finish,camp,dystopian,beauty,bill,year,st,charity,caring,thank,gold,news,food,rust,thornback,rich,medication,case,part,question,great,important,believe,broadcast,manmade,foundation,happy,effect,last,people,enforcement,lester,true,least,justice,glad,good,time,full,nightly,welcome,reply,family,country,poor,guilty,meat,class,worth,wow,taste,wonderful,secondary,much"
BCnYOpcd_hs,My Expectations Were Low but‚Ä¶ OMG D:,"real,type,store,team,product,sipri,crap,brand,logo,opt,work,omg,advertising,slap,tired,fan,name,fact,access,high,box,nfl,main,thing,option,certain,linus,strategy,request,cheap,way,furniture,speaker,website,game,unlimited,love,non,crazy,man,lamp,expectations,insane,mail,decent,different,lava,interesting,start,big,low,good,time,month,point,device,linus tech tips,sale,budget,video,reply,country,school,shoddy,channel,page,bad,sharing,enough,stuff,pebble,many,tech,chinese,browser,submit,much"
k2FuHR0vZkU,I Scheduled This Video in 2013,"self,mogswamp,follower,work,wise,charming,ball,minecraft,right,cool,miss,encouraging,base,uploaded,day,main,thing,future,idea,person,year,read,small,heartwarming,old,first,next,love,great,quality,attitude,crazy,job,success,enthusiastic,tomorrow,growth,life,amazing,far,community,last,humble,people,open,perspective,big,impressive,low,easter,scheduled,good,time,motivation,original,moment,whole,capsule,new,awesome,timey,video,lot,reply,see,family,past,record,channel,wonder,hope,stuff,footage,recording,youtube,tradition,much"
jHv63Uvk5VA,Complete ChatGPT Tutorial - [Become A Power User in 30 Minutes],"chat,idea,user,new,potential,follow,code,awesome,year,power,thank,easy,video,theory,content,communication,lot,human,reply,santrel media,tutorial,friend,work,amazing,minutes,overall,step,become,model,response,gpt,way,function,creative,technology,old,impressed,different,first,stuff,sure,search,chatgpt,excellent,string,learning,accesible,helpful,language,explanation,informative,process,great,wow,fun,generate,natural,broke,complete,clear,world,expresion,development,processing,interested,time,main,sentrel,tarantino,much"
BZ07ZV3kji4,Elon Musk‚Äôs SpaceX Starship rocket explodes after launch ¬†‚Äì BBC News,"tower,team,control,starship,spacex,aerodynamic,space,fuselage,work,elon,hundred,maneuver,phume,spirit,behemoth,fact,powerful,date,high,successful,clear,holy,main,thing,future,goal,joy,bbc news,enthusiasm,news,exciting,single,failure,first,incredible,progress,explode,explodes,mission,next,flight,great,bbc,crazy,job,stunning,success,aborted,cluster,amazing,musk,test,pressure,impressed,hard,mankind,behold,least,stress,ground,shroud,impressive,clean,maximum,feat,lift,time,moment,launch,point,side,new,second,lol,sight,lot,genuine,exceptional,reply,effort,many,rocket,huge,ecstatic,highlight,cheer,much"
YcwiPM1G8fY,Ryan Reynolds and Rob McElhenney burst into tears as Wrexham seal Football League promotion!,"moment,fantastic,city,man,team,goal,ryan,awesome,possible,panama,eye,several,gibbo,rob,happy,haaland,promotion,division,circus,sunny,reason,devoted,wrexham,player,genuine,seal,massive,reply,th,club,amazing,burst,care,season,career,relegation,community,play,story,fanbase,bad,diet,fan,fair,pyramid,people,tears,mcelhenney,reynolds,football,many,canadian,bt sport,sport,english,danielosment,decade,great,passion,big,uno,american,world,spending,good,time,main,money,thing,brilliant,european,mate,important,league,history"
g9mXZhQOKMQ,Things Got Wild At Coachella!! | The Night Shift,"view,things,fight,entertain,night,audience,long,friend,work,wise,duo,story,crew,bald,shit,determination,massage,coachella,abuse,favorite,entire,main,year,easy,multiple,thank,everyday,personality,strong,fine,old,first,inspire,part,love,german,male,great,lana,fun,got,romance,half,guy,cracking,burger,split,man,dedication,couch,swim,comment,life,challenge,everytime,different,last,shift,episode,bike,time,chella,motivation,effortless,new,second,video,wild,dope,week,peace,triathlon,reply,effort,support,constant,defnitive,cause,mikey,mike majlak vlogs,proud,run,much"
kRV0iAANQOo,Sold My First Car To Subscribers ü•∫,"death,real,man,health,team,humour,lol,son,jaipur,heart,happy,video,board,audience,reply,poonam,family,life,morning,bullshit,example,support,story,bmwcar,old,madar,fan,bugatti,first,sourav joshi vlogs,indian,kya,wagon,name,haaaaa,dhananjay,comeyy,technical,sourav,part,respect,subscribers,unknown,perfect,love,car,sold,big,proud,instant,attitude,bro,lgnore,muslim,good,main,thing,achievement,credit,much,history"
8mAITcNt710,Harvard CS50 ‚Äì Full Computer Science University Course,"professor,skip,finish,information,engineering,education,new,code,full,year,programming,enthusiasm,project,thank,cs,video,proper,content,computer,freecodecamporg,hour,programmer,night,highschool,lot,reply,mind,material,work,free,lecture,memory,life,amazing,government,entire,channel,way,student,people,show,progress,energy,fact,respect,huge,harvard,many,lecturer,instructor,interesting,worth,tech,university,passion,great,section,gap,quality,course,teacher,good,time,day,main,minute,important,note,job,guy,watch,college,money,science"
PkRNFluRMMs,The Billionaire's Daughter | Dream Car Wrap,"normal,well,private,change,friend,young,road,polite,less,daughter,drive,wagon,prize,name,interview,today,guest,successful,world,gas,yiannimize,lesson,phenomenal,main,money,age,text,vehicle,year,jet,grounded,inspiration,obnoxious,way,old,dream,ironic,claim,rich,part,considering,wrap,great,plastic,sweet,climate,job,licence,user,mpg,mature,kid,amazing,life,earth,people,nvm,knowledgeable,format,urban,car,billionaire,electric,indoctrination,winner,good,luxury,new,prioritize,video,nice,reply,girl,family,poor,channel,make,thoughtful,reveal,parent,smart,pollution,proud,number,child"
0FvBxPVgv7g,When Trash Talk Goes Wrong in Boxing: Eddie Hall vs Hafthor Bjornsson,"team,fight,gracious,bjornsson,ass,night,technique,long,massive,anxiety,work,goes,tighten,legendary,less,fact,impact,powerful,setup,eddie,sheer,world,hall,entire,main,money,thing,age,talk,pose,com,strong,swear,trash,training,gypsydosser,way,rip,professional,classic,respect,great,win,patreon,guy,speed,kid,get,life,one,englishman,everytime,impressed,risk,mom,gypsy dosser,encounter,people,true,big,impressive,hafthor,time,punch,head,skinny,whole,security,ring,aye,lol,son,coulda,video,defense,vs,reply,boy,boxing,hilarious,channel,word,page,thor,wrong,dude,momentum,fighter,stance"
qYNONfbUqbE,Inside London Mayfair ¬£65million Refurbishment | Britain's Most Expensive Home | Channel 4,"refurbishment,work,friend,building,bed,fact,pay,agency,semi,extension,documentary,special,entire,main,money,marvel,thing,age,future,britain,client,floor,year,charity,disabled,century,grade,mind,strategy,example,way,old,courtyard,first,dream,entrance,changed,part,bet,fabulous,love,guy,mayfair,credit,success,man,inside,mansion,life,amazing,trust,earth,channel 4 lifestyle,mortgage,people,million,staff,billionaire,big,house,admire,london,good,qualified,home,fortune,little,lol,beautiful,chemistry,share,nice,reply,country,expensive,cold,poor,channel,size,area,enough,attractive,many,worth,bit,manage,trent,much"
gjL636ibnII,Exploring Manchester's Abandoned Debenhams: Found 1930s Secrets,"sterile,store,aware,exploring,urbandoned,office,work,omg,ex,guard,building,paint,top,fact,public,fascinating,today,place,main,day,irreplaceable,floor,beauty,thank,fire,found,shop,furniture,old,manager,detail,part,rd,room,great,quality,complete,code,abandoned,upper,happy,art,black,retail,manchester,people,rot,staff,locked,attention,think,restaurant,time,guess,whole,security,foam,lewis,beautiful,sense,video,white,nice,reply,see,bright,secrets,wonder,hope,couple,level,sell,many,hidden,extraordinary,debenhams,generation,experience"
NR5pWBy-6Fk,The Insane Engineering of the M1 Abrams,"engineering,aircraft,tank,voice,work,model,smoke,armor,challenger,fact,technical,plate,equipment,distance,fuel,favorite,world,gas,turbine,main,available,engine,autoloader,torsion,year,frequency,thank,content,small,jet,increase,hearing,first,real engineering,bar,suspension,love,system,great,animation,unreliable,insane,spanish,abrams,projectile,material,amazing,layer,military,tanker,quick,people,episode,metric,round,good,time,piece,composite,new,noise,war,awesome,video,package,lot,reply,track,diesel,school,thick,reactive,mbt,depth,area,stuff,french,many,excellent,much"
GL36jqZHPs0,The Perfect Crispy Skin Pork Belly (Lechon Kawali),"dish,idea,pork,savory,vinegar,smile,man,pinoy,belly,eritrean,rice,thank,spanish,video,recipe,taro,calamansi,lot,reply,sinigang,butter,work,family,liver,kawali,filipino,bahel,breakfast,test,homemade,sandwich,food,reference,cuisine,different,top,joshua weissman,give,sauce,peanut,skin,version,beef,onion,level,part,suggestion,conquer,justice,next,wrong,love,perfect,ethiopian,josh,key,lechon,juice,great,bagoong,garlic,crispy,taste,soup,proud,stew,good,guy,main,green,server,papaya"
IohA4aOxtnA,Sudan army says foreign nationals to be evacuated as Khartoum fighting continues - BBC News,"chest,ultra,power,sudan,icon,tank,voice,alive,unfortunate,glory,story,evacuated,impossible,cell,complex,light,heavenly,understand,world,rail,main,day,ordinary,defence,age,bbc news,daily,empire,downturn,khartoum,donkey,news,mind,nationals,arabism,beer,investment,involvement,vast,accordance,desire,refugee,rich,suggestion,love,says,father,third,location,bbc,gospel,movie,death,dead,hypnosis,happy,sudanese,life,military,unusual,different,want,people,marketing,figure,eternal,distress,true,shooting,attention,ground,gun,fighting,modern,time,chapman,bud,second,cultural,end,son,trial,army,reply,market,country,foreign,flag,word,instance,bad,area,nature,continues,dry,global,notorious,economic,ruler,tiktok"
WSIuRlbhHuI,UK economy crippled by inflation - are high prices here to stay?,"view,stay,economy,stagnant,turn,portfolio,work,industry,government,rate,reality,right,less,minister,recession,cut,indicator,high,devaluation,business,main,day,money,thing,result,create,advice,downturn,easy,content,currency,way,investment,severity,rich,love,target,uk,slave,homeless,supply,account,effect,mortgage,matter,hard,people,energy,channel 4 news,informative,interesting,problem,eminent,style,head,crippled,fortune,inflation,nuance,sense,wage,reply,price,market,bob,country,cost,poor,record,fair,enough,cpi,prices,extent,worth,economic,rent,number,mate,covid,expert,investigator,much"
dV00JxVDBdk,How To Start Trading Stocks As A Complete Beginner (1/3),"ready,tment,portfolio,beginner,long,young,right,drop,profit,high,complex,ding,crisis,main,decision,money,goal,term,year,income,thank,strategy,retire,trade,link,investment,old,part,next,great,guy,important,opening,complete,stock,financial,member,stocks,bloom,hiding,effect,trading,step,gain,matter,hard,people,start,plan,short,good,time,brother,hubby,home,inflation,new,end,possible,full,investing,video,week,retirement,release,lot,reply,market,tragic,past,support,word,ricky gutierrez,trend,need,dividend,economic"
fCdXvp0tTnc,Restoring a Neglected Chinese Juniper Bonsai,"tenderness,gorgeous,work,skilled,legendary,daughter,terrarium,wholesome,transformation,artist,favorite,world,hand,entire,business,main,thing,pretty,beauty,thank,priceless,small,excited,editing,way,grab,incredible,look,detail,part,next,love,great,guy,important,sweet,talented,moss,manifest,man,heart,art,adorable,kid,restoring,amazing,care,line,different,neglected,caretaker,attention,teaching,good,time,brilliant,bonsai releaf,moment,home,clever,bonsai,little,end,awesome,beautiful,video,music,juniper,dog,reason,lot,reply,film,family,hope,nature,consideration,youtube,chinese,tree,child,much"
qhL6BYHeh3I,[ASMR] ÎèÑÏûêÍ∏∞ ÌÇ§Ï∫° 1ÏãúÍ∞Ñ,"normal,stale,spacebar,gaeulmail,brand,variety,hggghhh,space,tent,tink,ÎìúÎ≥¥ÌÇ§ dbokey,simplicity,asmr,ÎèÑÏûêÍ∏∞,waaaaooooo,sonido,sound,occasional,por,light,main,thing,idea,sentence,faux,thank,specific,cap,hollow,bar,case,love,key,great,metal,ceramic,plastic,clairedelune,acrylic,composure,fantastic,soft,material,alsjd,sure,composition,ping,switch,este,palkankorotus,original,guess,moment,new,little,noise,hammer,lol,beautiful,pero,keyboard,video,ugh,nice,reply,difficult,see,keycap,touch,lovely,depth,enough,es,duermo,ÌÇ§Ï∫°,pleasant,ÏãúÍ∞Ñ,tarp"
GXlckaGr0Eo,ASMR Programming - Coding Pacman - No Talking,"ceiling,discount,technique,check,outstanding,asmr,similar,cool,top,sound,mobile,description,html,responsiveness,interview,current,live,bro,main,day,choice,servet,mode,thank,humanity,multiple,content,lack,com,execute,exciting,ghost,know,notch,way,heavy,web,coding,swap,search,game,love,scatter,map,graph,target,user,man,code,comparison,servet gulnaroglu,block,mapping,waay,life,amazing,coder,css,last,different,binary,energy,dev,big,section,good,original,motion,side,tile,lol,beautiful,programming,project,keyboard,video,talking,reply,skill,edit,wonder,direction,page,level,pacman"
GPBe-oYlG1A,"ASMR MUKBANG | Fast Food, Big Mac, Chicken Nuggets, Onion Rings, Chicken Sandwich, Wings, Fries","person,zach,smile,chicken,full,legend,happy,video,alone,rings,wings,zach choi asmr,yearly,fast,binge,lot,chews,hungry,reply,mess,effort,work,amazing,outstanding,satisfied,asmr,sandwich,polite,food,old,patience,first,people,cry,disappoint,onion,fact,french,physique,mukbanger,nuggets,fresh,able,love,fat,glad,big,eating,sayƒ±mƒ±zƒ±,fit,pleasure,addicted,fries,como,charisma,muslim,face,mukbang,absolute,style,time,este,main,thing,good,day,watch,mac,much"
U7PEYckcVZs,ASMR üò¥üåô - Personal Attention While You're Sleeping ‚ô°‚ú®(SLEEPY ATTENTION üíôüí§‚ú®),"birthday,new,phone,ready,lol,batalas asmr,sleeping,heart,pm,mouth,thank,personal,tomorrow,video,well,find,england,relaxant,scroll,night,silent,late,space,gentle,reply,comment,girl,work,sleep,amazing,omg,breath,tonight,lipgloss,brushing,asmr,boredom,blank,queen,first,ocd,owl,mine,due,timing,entertaining,sleepy,dirty,makeup,part,deep,random,attention,love,perfect,magical,great,sorry,tiktok,thinking,hair,bro,face,bit,identical,good,batala,time,trying,main,much"
